classification,sex,credit_historic_All cr at this bank paid,credit_historic_Critical acc/Other cr existing,credit_historic_Delay in paying,credit_historic_Existing credits paid,credit_historic_No cr taken/all cr paid,housing_For free,housing_Own,housing_Rent,checking_acc_0.0,checking_acc_1.0,checking_acc_2.0,checking_acc_3.0,saving_acc_0.0,saving_acc_1.0,saving_acc_2.0,saving_acc_3.0,saving_acc_4.0,atual_employ_since_0.0,atual_employ_since_1.0,atual_employ_since_2.0,atual_employ_since_3.0,atual_employ_since_4.0,installment_rate_0.0,installment_rate_1.0,installment_rate_2.0,installment_rate_3.0,credits_at_bank_0.0,credits_at_bank_1.0,credits_at_bank_2.0,credits_at_bank_3.0
0.0,1.0,0.0,0.0,0.0,1.0,0.0,0.0,1.0,0.0,0,0,1,0,0,1,0,0,0,0,0,1,0,0,0,1,0,0,1,0,0,0
1.0,0.0,0.0,1.0,0.0,0.0,0.0,0.0,1.0,0.0,1,0,0,0,0,1,0,0,0,0,0,0,1,0,0,1,0,0,1,0,0,0
1.0,0.0,0.0,0.0,0.0,1.0,0.0,1.0,0.0,0.0,0,1,0,0,0,1,0,0,0,0,0,0,1,0,0,1,0,0,1,0,0,0
0.0,0.0,0.0,0.0,1.0,0.0,0.0,1.0,0.0,0.0,0,1,0,0,0,1,0,0,0,0,0,1,0,0,0,0,1,0,0,1,0,0
1.0,0.0,0.0,0.0,0.0,1.0,0.0,1.0,0.0,0.0,1,0,0,0,1,0,0,0,0,0,0,1,0,0,0,1,0,0,1,0,0,0
1.0,0.0,0.0,0.0,0.0,1.0,0.0,0.0,1.0,0.0,1,0,0,0,0,0,0,1,0,0,0,0,0,1,0,0,1,0,1,0,0,0
1.0,0.0,0.0,0.0,0.0,1.0,0.0,0.0,0.0,1.0,0,0,1,0,0,1,0,0,0,0,0,1,0,0,0,1,0,0,1,0,0,0
1.0,0.0,0.0,0.0,0.0,1.0,0.0,0.0,1.0,0.0,1,0,0,0,0,0,0,0,1,0,0,0,1,0,0,1,0,0,1,0,0,0
0.0,0.0,0.0,1.0,0.0,0.0,0.0,0.0,1.0,0.0,0,0,1,0,0,1,0,0,0,1,0,0,0,0,0,0,0,1,0,1,0,0
0.0,1.0,0.0,0.0,0.0,1.0,0.0,0.0,0.0,1.0,0,0,1,0,0,1,0,0,0,0,1,0,0,0,0,0,1,0,1,0,0,0
0.0,1.0,0.0,0.0,0.0,1.0,0.0,0.0,0.0,1.0,0,1,0,0,0,1,0,0,0,0,1,0,0,0,0,0,1,0,1,0,0,0
1.0,1.0,0.0,0.0,0.0,1.0,0.0,0.0,1.0,0.0,0,0,1,0,0,1,0,0,0,0,0,1,0,0,1,0,0,0,1,0,0,0
0.0,0.0,0.0,1.0,0.0,0.0,0.0,0.0,1.0,0.0,0,1,0,0,0,1,0,0,0,0,0,0,0,1,0,0,0,1,0,1,0,0
1.0,1.0,0.0,0.0,0.0,1.0,0.0,0.0,0.0,1.0,0,1,0,0,0,1,0,0,0,0,0,1,0,0,0,1,0,0,1,0,0,0
0.0,1.0,0.0,0.0,0.0,1.0,0.0,0.0,1.0,0.0,0,1,0,0,0,0,1,0,0,0,0,1,0,0,0,0,0,1,1,0,0,0
1.0,0.0,0.0,1.0,0.0,0.0,0.0,0.0,1.0,0.0,1,0,0,0,1,0,0,0,0,0,0,0,0,1,0,0,0,1,0,1,0,0
1.0,0.0,0.0,0.0,0.0,0.0,1.0,0.0,1.0,0.0,0,1,0,0,1,0,0,0,0,0,1,0,0,0,0,1,0,0,0,0,1,0
0.0,1.0,0.0,0.0,0.0,1.0,0.0,1.0,0.0,0.0,0,0,1,0,0,1,0,0,0,0,0,0,0,1,0,0,0,1,1,0,0,0
1.0,0.0,0.0,0.0,0.0,1.0,0.0,0.0,1.0,0.0,1,0,0,0,0,0,0,1,0,0,0,0,0,1,0,0,1,0,1,0,0,0
1.0,0.0,0.0,1.0,0.0,0.0,0.0,0.0,1.0,0.0,1,0,0,0,0,1,0,0,0,0,0,1,0,0,0,0,0,1,0,0,1,0
1.0,0.0,0.0,0.0,0.0,1.0,0.0,0.0,0.0,1.0,0,1,0,0,0,0,0,1,0,0,0,1,0,0,0,1,0,0,1,0,0,0
1.0,0.0,0.0,1.0,0.0,0.0,0.0,0.0,0.0,1.0,0,1,0,0,0,1,0,0,0,0,1,0,0,0,1,0,0,0,0,1,0,0
1.0,0.0,0.0,1.0,0.0,0.0,0.0,0.0,1.0,0.0,0,0,1,0,0,0,1,0,0,0,1,0,0,0,0,0,1,0,1,0,0,0
1.0,0.0,0.0,1.0,0.0,0.0,0.0,0.0,1.0,0.0,1,0,0,0,1,0,0,0,0,0,0,1,0,0,0,1,0,0,0,1,0,0
1.0,0.0,0.0,0.0,0.0,1.0,0.0,0.0,1.0,0.0,0,1,0,0,0,1,0,0,0,0,0,1,0,0,1,0,0,0,1,0,0,0
1.0,0.0,0.0,0.0,0.0,0.0,1.0,0.0,1.0,0.0,1,0,0,0,0,1,0,0,0,0,0,0,0,1,0,0,0,1,1,0,0,0
1.0,1.0,1.0,0.0,0.0,0.0,0.0,0.0,0.0,1.0,0,0,0,1,0,0,0,0,1,0,0,1,0,0,0,0,1,0,0,1,0,0
1.0,0.0,0.0,0.0,0.0,1.0,0.0,0.0,1.0,0.0,0,0,1,0,0,1,0,0,0,0,0,1,0,0,0,0,1,0,1,0,0,0
0.0,0.0,0.0,0.0,1.0,0.0,0.0,0.0,1.0,0.0,0,1,0,0,0,1,0,0,0,0,0,0,0,1,0,0,1,0,0,1,0,0
1.0,0.0,0.0,0.0,0.0,1.0,0.0,0.0,1.0,0.0,0,0,1,0,0,0,0,0,1,0,1,0,0,0,0,0,1,0,1,0,0,0
1.0,0.0,0.0,0.0,0.0,1.0,0.0,0.0,1.0,0.0,0,1,0,0,0,1,0,0,0,0,0,1,0,0,0,1,0,0,1,0,0,0
1.0,0.0,0.0,0.0,0.0,1.0,0.0,0.0,1.0,0.0,0,0,1,0,0,0,1,0,0,0,0,1,0,0,0,1,0,0,0,1,0,0
1.0,0.0,0.0,1.0,0.0,0.0,0.0,0.0,0.0,1.0,1,0,0,0,1,0,0,0,0,0,0,0,0,1,0,0,0,1,1,0,0,0
1.0,1.0,0.0,0.0,0.0,1.0,0.0,0.0,1.0,0.0,0,0,0,1,0,1,0,0,0,0,1,0,0,0,0,0,0,1,1,0,0,0
0.0,0.0,0.0,1.0,0.0,0.0,0.0,0.0,1.0,0.0,0,0,1,0,0,1,0,0,0,0,1,0,0,0,0,0,0,1,0,1,0,0
1.0,0.0,0.0,1.0,0.0,0.0,0.0,1.0,0.0,0.0,1,0,0,0,0,1,0,0,0,0,0,1,0,0,1,0,0,0,1,0,0,0
0.0,0.0,0.0,0.0,0.0,1.0,0.0,0.0,1.0,0.0,0,0,0,1,0,1,0,0,0,0,0,1,0,0,0,0,0,1,1,0,0,0
1.0,0.0,0.0,0.0,0.0,1.0,0.0,0.0,1.0,0.0,0,0,0,1,0,1,0,0,0,0,0,1,0,0,0,1,0,0,1,0,0,0
1.0,0.0,0.0,0.0,0.0,1.0,0.0,0.0,1.0,0.0,0,0,1,0,0,1,0,0,0,0,0,1,0,0,0,0,0,1,1,0,0,0
1.0,0.0,0.0,0.0,0.0,1.0,0.0,0.0,1.0,0.0,1,0,0,0,0,0,0,1,0,0,0,0,0,1,0,0,0,1,1,0,0,0
1.0,0.0,0.0,0.0,0.0,1.0,0.0,0.0,1.0,0.0,0,0,1,0,0,0,0,1,0,0,0,1,0,0,0,0,1,0,1,0,0,0
1.0,0.0,0.0,0.0,1.0,0.0,0.0,0.0,1.0,0.0,0,0,1,0,0,1,0,0,0,0,0,1,0,0,0,1,0,0,1,0,0,0
1.0,0.0,0.0,1.0,0.0,0.0,0.0,0.0,0.0,1.0,0,1,0,0,0,0,1,0,0,0,0,0,1,0,1,0,0,0,0,1,0,0
0.0,1.0,0.0,1.0,0.0,0.0,0.0,1.0,0.0,0.0,0,1,0,0,0,1,0,0,0,0,0,0,0,1,0,0,0,1,0,1,0,0
1.0,1.0,0.0,1.0,0.0,0.0,0.0,0.0,1.0,0.0,1,0,0,0,0,1,0,0,0,0,1,0,0,0,0,0,0,1,0,1,0,0
1.0,0.0,0.0,0.0,0.0,1.0,0.0,0.0,1.0,0.0,1,0,0,0,0,0,0,1,0,0,0,0,0,1,0,0,0,1,1,0,0,0
1.0,1.0,0.0,0.0,0.0,1.0,0.0,0.0,0.0,1.0,0,1,0,0,0,0,0,1,0,1,0,0,0,0,1,0,0,0,1,0,0,0
1.0,0.0,0.0,1.0,0.0,0.0,0.0,0.0,1.0,0.0,1,0,0,0,0,1,0,0,0,0,0,1,0,0,1,0,0,0,0,1,0,0
1.0,1.0,0.0,0.0,0.0,1.0,0.0,0.0,1.0,0.0,1,0,0,0,0,0,1,0,0,0,0,1,0,0,0,0,0,1,1,0,0,0
1.0,0.0,0.0,0.0,1.0,0.0,0.0,0.0,1.0,0.0,0,0,1,0,1,0,0,0,0,0,1,0,0,0,0,0,0,1,1,0,0,0
1.0,0.0,0.0,0.0,1.0,0.0,0.0,0.0,1.0,0.0,0,0,1,0,0,1,0,0,0,0,0,0,0,1,1,0,0,0,0,1,0,0
1.0,0.0,0.0,0.0,0.0,1.0,0.0,0.0,1.0,0.0,1,0,0,0,0,1,0,0,0,0,0,1,0,0,0,0,1,0,1,0,0,0
1.0,0.0,0.0,0.0,0.0,1.0,0.0,0.0,1.0,0.0,1,0,0,0,1,0,0,0,0,0,0,1,0,0,0,1,0,0,1,0,0,0
0.0,0.0,0.0,0.0,1.0,0.0,0.0,1.0,0.0,0.0,0,0,1,0,0,1,0,0,0,0,0,0,0,1,0,0,0,1,0,1,0,0
1.0,0.0,1.0,0.0,0.0,0.0,0.0,0.0,1.0,0.0,1,0,0,0,1,0,0,0,0,0,0,1,0,0,1,0,0,0,1,0,0,0
0.0,0.0,0.0,0.0,0.0,1.0,0.0,0.0,1.0,0.0,0,0,1,0,1,0,0,0,0,1,0,0,0,0,0,1,0,0,1,0,0,0
1.0,1.0,0.0,1.0,0.0,0.0,0.0,0.0,1.0,0.0,1,0,0,0,0,1,0,0,0,0,0,1,0,0,0,1,0,0,0,1,0,0
1.0,1.0,0.0,0.0,0.0,1.0,0.0,0.0,1.0,0.0,0,0,0,1,0,1,0,0,0,0,0,0,0,1,0,0,1,0,1,0,0,0
0.0,1.0,0.0,1.0,0.0,0.0,0.0,0.0,0.0,1.0,0,1,0,0,0,1,0,0,0,0,1,0,0,0,0,0,0,1,0,1,0,0
1.0,0.0,0.0,0.0,0.0,1.0,0.0,0.0,1.0,0.0,0,0,1,0,0,1,0,0,0,0,0,1,0,0,0,1,0,0,1,0,0,0
1.0,0.0,0.0,1.0,0.0,0.0,0.0,0.0,1.0,0.0,0,0,1,0,1,0,0,0,0,0,0,0,0,1,0,0,0,1,0,1,0,0
0.0,0.0,0.0,0.0,0.0,0.0,1.0,1.0,0.0,0.0,0,0,1,0,0,1,0,0,0,0,0,0,0,1,0,0,0,1,1,0,0,0
0.0,0.0,0.0,0.0,0.0,0.0,1.0,0.0,1.0,0.0,0,0,1,0,0,1,0,0,0,0,0,1,0,0,0,1,0,0,1,0,0,0
1.0,1.0,0.0,0.0,0.0,1.0,0.0,0.0,1.0,0.0,1,0,0,0,0,1,0,0,0,0,1,0,0,0,0,0,0,1,1,0,0,0
1.0,0.0,0.0,0.0,0.0,1.0,0.0,0.0,1.0,0.0,1,0,0,0,1,0,0,0,0,0,0,0,0,1,0,0,0,1,0,0,0,1
1.0,1.0,0.0,0.0,0.0,1.0,0.0,0.0,1.0,0.0,1,0,0,0,0,1,0,0,0,0,1,0,0,0,0,1,0,0,1,0,0,0
1.0,0.0,0.0,0.0,0.0,1.0,0.0,0.0,1.0,0.0,0,0,1,0,0,0,0,0,1,0,0,1,0,0,0,0,0,1,1,0,0,0
0.0,0.0,0.0,0.0,0.0,1.0,0.0,1.0,0.0,0.0,1,0,0,0,0,1,0,0,0,0,0,1,0,0,0,0,0,1,1,0,0,0
1.0,1.0,0.0,0.0,0.0,1.0,0.0,0.0,1.0,0.0,1,0,0,0,1,0,0,0,0,0,0,1,0,0,0,0,0,1,1,0,0,0
1.0,1.0,0.0,0.0,0.0,1.0,0.0,0.0,1.0,0.0,1,0,0,0,0,1,0,0,0,0,0,1,0,0,1,0,0,0,1,0,0,0
1.0,0.0,0.0,1.0,0.0,0.0,0.0,0.0,0.0,1.0,1,0,0,0,1,0,0,0,0,0,0,0,0,1,0,0,0,1,0,1,0,0
1.0,0.0,0.0,1.0,0.0,0.0,0.0,1.0,0.0,0.0,0,1,0,0,0,1,0,0,0,0,0,0,0,1,0,0,1,0,0,1,0,0
1.0,1.0,0.0,1.0,0.0,0.0,0.0,0.0,1.0,0.0,0,0,1,0,0,1,0,0,0,0,0,0,1,0,0,1,0,0,0,1,0,0
0.0,0.0,0.0,0.0,0.0,1.0,0.0,0.0,1.0,0.0,0,1,0,0,1,0,0,0,0,0,0,0,0,1,0,0,0,1,1,0,0,0
1.0,0.0,0.0,1.0,0.0,0.0,0.0,1.0,0.0,0.0,0,1,0,0,0,1,0,0,0,0,0,0,0,1,0,0,0,1,0,1,0,0
0.0,0.0,0.0,0.0,0.0,1.0,0.0,0.0,1.0,0.0,0,1,0,0,0,1,0,0,0,0,1,0,0,0,0,0,0,1,1,0,0,0
1.0,0.0,0.0,0.0,1.0,0.0,0.0,0.0,1.0,0.0,0,0,1,0,0,1,0,0,0,0,0,0,1,0,0,1,0,0,1,0,0,0
1.0,0.0,0.0,0.0,0.0,0.0,1.0,0.0,1.0,0.0,1,0,0,0,1,0,0,0,0,0,0,1,0,0,0,1,0,0,1,0,0,0
1.0,0.0,0.0,0.0,0.0,1.0,0.0,0.0,1.0,0.0,0,0,1,0,0,1,0,0,0,0,1,0,0,0,0,1,0,0,1,0,0,0
0.0,1.0,0.0,0.0,0.0,1.0,0.0,0.0,1.0,0.0,1,0,0,0,1,0,0,0,0,0,1,0,0,0,1,0,0,0,0,1,0,0
1.0,0.0,0.0,0.0,0.0,1.0,0.0,0.0,1.0,0.0,1,0,0,0,0,0,0,1,0,0,0,0,0,1,0,0,0,1,1,0,0,0
1.0,1.0,0.0,0.0,0.0,1.0,0.0,0.0,0.0,1.0,1,0,0,0,0,0,1,0,0,0,0,1,0,0,0,0,1,0,1,0,0,0
1.0,1.0,0.0,0.0,0.0,1.0,0.0,0.0,1.0,0.0,0,1,0,0,0,1,0,0,0,0,0,0,0,1,0,0,0,1,1,0,0,0
1.0,0.0,0.0,0.0,0.0,1.0,0.0,0.0,1.0,0.0,0,1,0,0,0,1,0,0,0,0,0,0,0,1,0,0,1,0,1,0,0,0
1.0,1.0,0.0,1.0,0.0,0.0,0.0,0.0,1.0,0.0,1,0,0,0,0,1,0,0,0,0,0,1,0,0,0,0,0,1,0,1,0,0
1.0,1.0,0.0,1.0,0.0,0.0,0.0,0.0,1.0,0.0,0,0,1,0,0,1,0,0,0,0,1,0,0,0,0,0,0,1,0,1,0,0
0.0,0.0,0.0,0.0,0.0,1.0,0.0,1.0,0.0,0.0,0,0,1,0,0,0,1,0,0,0,0,1,0,0,1,0,0,0,1,0,0,0
1.0,0.0,0.0,0.0,0.0,1.0,0.0,0.0,1.0,0.0,0,1,0,0,0,0,1,0,0,0,0,0,1,0,0,0,0,1,1,0,0,0
0.0,0.0,0.0,0.0,0.0,0.0,1.0,0.0,1.0,0.0,0,1,0,0,0,1,0,0,0,0,0,0,1,0,0,0,0,1,0,1,0,0
1.0,0.0,0.0,1.0,0.0,0.0,0.0,0.0,1.0,0.0,1,0,0,0,0,1,0,0,0,0,0,0,0,1,0,0,0,1,1,0,0,0
1.0,0.0,0.0,1.0,0.0,0.0,0.0,0.0,1.0,0.0,0,1,0,0,0,1,0,0,0,0,0,0,0,1,0,0,0,1,1,0,0,0
0.0,1.0,0.0,1.0,0.0,0.0,0.0,0.0,1.0,0.0,1,0,0,0,1,0,0,0,0,0,0,0,0,1,0,0,0,1,1,0,0,0
1.0,0.0,0.0,1.0,0.0,0.0,0.0,0.0,0.0,1.0,0,0,0,1,1,0,0,0,0,0,0,0,0,1,0,0,0,1,0,1,0,0
1.0,0.0,0.0,0.0,0.0,1.0,0.0,0.0,1.0,0.0,0,0,1,0,0,0,0,0,1,0,0,0,0,1,0,0,0,1,1,0,0,0
0.0,0.0,0.0,0.0,0.0,0.0,1.0,0.0,0.0,1.0,0,0,1,0,0,1,0,0,0,0,1,0,0,0,0,0,1,0,1,0,0,0
1.0,1.0,0.0,1.0,0.0,0.0,0.0,0.0,1.0,0.0,1,0,0,0,1,0,0,0,0,0,0,0,1,0,0,0,0,1,1,0,0,0
1.0,0.0,0.0,0.0,0.0,1.0,0.0,0.0,1.0,0.0,0,0,1,0,0,0,1,0,0,0,0,1,0,0,0,0,0,1,1,0,0,0
1.0,0.0,0.0,1.0,0.0,0.0,0.0,0.0,1.0,0.0,0,0,1,0,0,1,0,0,0,0,0,0,0,1,0,0,0,1,1,0,0,0
1.0,0.0,0.0,0.0,1.0,0.0,0.0,0.0,0.0,1.0,0,0,1,0,1,0,0,0,0,0,0,0,1,0,0,0,1,0,0,1,0,0
1.0,0.0,0.0,0.0,0.0,1.0,0.0,0.0,0.0,1.0,1,0,0,0,0,0,1,0,0,0,0,0,0,1,0,0,0,1,1,0,0,0
1.0,0.0,0.0,0.0,0.0,1.0,0.0,0.0,0.0,1.0,0,0,1,0,0,1,0,0,0,0,0,0,1,0,0,0,0,1,1,0,0,0
1.0,1.0,0.0,0.0,1.0,0.0,0.0,0.0,1.0,0.0,1,0,0,0,0,1,0,0,0,0,0,1,0,0,0,0,1,0,1,0,0,0
1.0,0.0,0.0,1.0,0.0,0.0,0.0,0.0,0.0,1.0,0,0,1,0,0,1,0,0,0,0,0,0,1,0,0,0,0,1,1,0,0,0
1.0,0.0,0.0,0.0,0.0,1.0,0.0,0.0,0.0,1.0,1,0,0,0,1,0,0,0,0,0,1,0,0,0,0,1,0,0,1,0,0,0
0.0,0.0,0.0,1.0,0.0,0.0,0.0,0.0,1.0,0.0,0,0,1,0,0,1,0,0,0,0,0,1,0,0,0,1,0,0,0,1,0,0
0.0,0.0,1.0,0.0,0.0,0.0,0.0,0.0,1.0,0.0,1,0,0,0,0,1,0,0,0,0,0,0,0,1,0,1,0,0,0,1,0,0
1.0,0.0,0.0,0.0,0.0,1.0,0.0,0.0,1.0,0.0,0,0,1,0,0,1,0,0,0,0,0,0,1,0,0,1,0,0,1,0,0,0
1.0,1.0,0.0,0.0,0.0,1.0,0.0,0.0,1.0,0.0,0,1,0,0,1,0,0,0,0,0,1,0,0,0,1,0,0,0,1,0,0,0
1.0,0.0,0.0,0.0,0.0,1.0,0.0,0.0,1.0,0.0,0,0,1,0,0,0,0,1,0,0,0,0,0,1,1,0,0,0,1,0,0,0
1.0,0.0,0.0,0.0,1.0,0.0,0.0,0.0,1.0,0.0,0,0,1,0,0,0,1,0,0,0,0,0,0,1,1,0,0,0,0,1,0,0
1.0,1.0,0.0,0.0,0.0,1.0,0.0,0.0,0.0,1.0,0,0,0,1,0,1,0,0,0,0,1,0,0,0,0,0,0,1,1,0,0,0
1.0,0.0,0.0,0.0,0.0,1.0,0.0,0.0,0.0,1.0,0,0,1,0,0,1,0,0,0,0,0,0,1,0,0,0,1,0,1,0,0,0
0.0,1.0,0.0,1.0,0.0,0.0,0.0,0.0,1.0,0.0,1,0,0,0,0,1,0,0,0,0,0,1,0,0,0,0,0,1,0,1,0,0
1.0,0.0,0.0,0.0,0.0,1.0,0.0,0.0,1.0,0.0,0,1,0,0,0,0,0,1,0,0,0,0,0,1,0,0,1,0,1,0,0,0
1.0,0.0,0.0,1.0,0.0,0.0,0.0,0.0,1.0,0.0,1,0,0,0,1,0,0,0,0,0,0,0,0,1,0,0,0,1,1,0,0,0
0.0,1.0,0.0,0.0,0.0,1.0,0.0,0.0,1.0,0.0,0,1,0,0,1,0,0,0,0,0,0,0,1,0,0,0,0,1,1,0,0,0
1.0,1.0,0.0,1.0,0.0,0.0,0.0,0.0,0.0,1.0,0,1,0,0,1,0,0,0,0,0,1,0,0,0,0,1,0,0,0,1,0,0
0.0,1.0,0.0,1.0,0.0,0.0,0.0,0.0,1.0,0.0,0,1,0,0,0,0,0,1,0,0,0,1,0,0,1,0,0,0,0,1,0,0
1.0,0.0,0.0,1.0,0.0,0.0,0.0,0.0,1.0,0.0,0,0,1,0,0,0,0,1,0,0,0,0,1,0,0,0,1,0,1,0,0,0
0.0,1.0,0.0,0.0,0.0,1.0,0.0,0.0,1.0,0.0,0,1,0,0,0,1,0,0,0,0,0,1,0,0,0,0,1,0,0,1,0,0
1.0,1.0,0.0,1.0,0.0,0.0,0.0,0.0,0.0,1.0,1,0,0,0,0,1,0,0,0,0,0,0,0,1,0,0,0,1,0,1,0,0
1.0,0.0,0.0,0.0,0.0,1.0,0.0,0.0,0.0,1.0,1,0,0,0,0,1,0,0,0,0,0,1,0,0,0,0,1,0,1,0,0,0
1.0,0.0,0.0,1.0,0.0,0.0,0.0,1.0,0.0,0.0,0,0,0,1,0,1,0,0,0,0,0,0,0,1,0,0,0,1,0,1,0,0
0.0,1.0,0.0,0.0,0.0,1.0,0.0,0.0,0.0,1.0,0,0,1,0,1,0,0,0,0,0,1,0,0,0,0,0,0,1,1,0,0,0
1.0,0.0,0.0,1.0,0.0,0.0,0.0,0.0,1.0,0.0,0,1,0,0,0,1,0,0,0,0,0,1,0,0,0,0,0,1,0,1,0,0
1.0,0.0,0.0,0.0,0.0,1.0,0.0,0.0,1.0,0.0,0,1,0,0,0,1,0,0,0,0,0,1,0,0,0,0,0,1,1,0,0,0
0.0,0.0,0.0,0.0,0.0,1.0,0.0,0.0,1.0,0.0,0,0,1,0,0,1,0,0,0,0,0,1,0,0,0,0,0,1,1,0,0,0
1.0,0.0,0.0,1.0,0.0,0.0,0.0,0.0,1.0,0.0,0,0,1,0,0,1,0,0,0,1,0,0,0,0,0,0,0,1,0,1,0,0
0.0,1.0,0.0,1.0,0.0,0.0,0.0,0.0,1.0,0.0,0,1,0,0,0,1,0,0,0,0,0,1,0,0,0,0,1,0,0,1,0,0
1.0,1.0,0.0,0.0,0.0,1.0,0.0,0.0,1.0,0.0,0,0,1,0,1,0,0,0,0,0,0,0,1,0,1,0,0,0,1,0,0,0
0.0,0.0,0.0,0.0,1.0,0.0,0.0,0.0,1.0,0.0,0,1,0,0,0,1,0,0,0,0,0,1,0,0,0,0,0,1,1,0,0,0
1.0,0.0,0.0,0.0,0.0,1.0,0.0,0.0,1.0,0.0,1,0,0,0,0,1,0,0,0,0,1,0,0,0,0,1,0,0,0,1,0,0
1.0,0.0,0.0,0.0,0.0,1.0,0.0,1.0,0.0,0.0,1,0,0,0,0,1,0,0,0,0,0,1,0,0,0,0,0,1,0,1,0,0
1.0,1.0,0.0,0.0,0.0,1.0,0.0,0.0,1.0,0.0,1,0,0,0,0,0,1,0,0,0,0,0,1,0,0,1,0,0,1,0,0,0
1.0,1.0,0.0,1.0,0.0,0.0,0.0,0.0,1.0,0.0,1,0,0,0,1,0,0,0,0,0,0,0,0,1,0,0,0,1,0,1,0,0
1.0,0.0,0.0,0.0,1.0,0.0,0.0,0.0,1.0,0.0,1,0,0,0,0,0,0,0,1,0,0,1,0,0,0,1,0,0,0,1,0,0
0.0,0.0,0.0,0.0,0.0,1.0,0.0,0.0,1.0,0.0,0,0,1,0,0,0,0,1,0,0,0,1,0,0,0,0,0,1,1,0,0,0
1.0,0.0,0.0,1.0,0.0,0.0,0.0,0.0,1.0,0.0,0,0,1,0,1,0,0,0,0,0,0,0,1,0,0,0,0,1,0,0,1,0
1.0,1.0,0.0,0.0,0.0,1.0,0.0,0.0,0.0,1.0,0,0,0,1,0,1,0,0,0,0,0,1,0,0,0,1,0,0,1,0,0,0
1.0,0.0,0.0,0.0,0.0,1.0,0.0,0.0,1.0,0.0,0,0,0,1,0,0,0,0,1,0,1,0,0,0,0,1,0,0,1,0,0,0
1.0,1.0,0.0,0.0,0.0,1.0,0.0,0.0,1.0,0.0,0,0,1,0,0,1,0,0,0,0,1,0,0,0,0,0,0,1,1,0,0,0
1.0,0.0,0.0,0.0,0.0,1.0,0.0,0.0,1.0,0.0,0,1,0,0,0,1,0,0,0,0,0,1,0,0,0,0,1,0,1,0,0,0
0.0,0.0,0.0,0.0,0.0,1.0,0.0,0.0,1.0,0.0,0,1,0,0,0,1,0,0,0,0,0,1,0,0,0,1,0,0,1,0,0,0
1.0,1.0,0.0,1.0,0.0,0.0,0.0,0.0,1.0,0.0,1,0,0,0,0,1,0,0,0,0,1,0,0,0,0,0,0,1,1,0,0,0
1.0,0.0,1.0,0.0,0.0,0.0,0.0,0.0,1.0,0.0,0,0,1,0,0,0,1,0,0,0,0,0,1,0,0,0,0,1,1,0,0,0
1.0,1.0,0.0,1.0,0.0,0.0,0.0,0.0,1.0,0.0,0,1,0,0,0,1,0,0,0,0,0,0,0,1,1,0,0,0,0,1,0,0
1.0,1.0,0.0,1.0,0.0,0.0,0.0,0.0,1.0,0.0,1,0,0,0,0,0,1,0,0,0,0,0,1,0,0,0,0,1,0,1,0,0
1.0,0.0,0.0,1.0,0.0,0.0,0.0,0.0,1.0,0.0,0,1,0,0,0,1,0,0,0,0,0,1,0,0,0,0,1,0,0,1,0,0
1.0,0.0,0.0,1.0,0.0,0.0,0.0,0.0,1.0,0.0,1,0,0,0,0,0,0,0,1,0,0,0,0,1,0,0,0,1,0,1,0,0
1.0,0.0,0.0,0.0,0.0,1.0,0.0,1.0,0.0,0.0,1,0,0,0,0,0,1,0,0,0,0,0,0,1,0,1,0,0,1,0,0,0
1.0,0.0,0.0,0.0,0.0,1.0,0.0,0.0,1.0,0.0,1,0,0,0,0,1,0,0,0,0,0,1,0,0,1,0,0,0,1,0,0,0
1.0,0.0,0.0,0.0,0.0,1.0,0.0,0.0,1.0,0.0,0,0,0,1,0,1,0,0,0,0,0,1,0,0,0,0,0,1,1,0,0,0
1.0,1.0,0.0,1.0,0.0,0.0,0.0,0.0,0.0,1.0,0,0,1,0,0,0,0,0,1,0,0,0,0,1,0,1,0,0,1,0,0,0
1.0,0.0,0.0,0.0,1.0,0.0,0.0,0.0,0.0,1.0,0,0,1,0,0,0,1,0,0,0,0,0,1,0,0,0,0,1,1,0,0,0
0.0,1.0,0.0,0.0,0.0,1.0,0.0,0.0,0.0,1.0,0,1,0,0,0,1,0,0,0,0,0,1,0,0,0,1,0,0,1,0,0,0
1.0,0.0,0.0,1.0,0.0,0.0,0.0,0.0,1.0,0.0,0,1,0,0,0,0,1,0,0,0,0,0,0,1,0,0,1,0,0,1,0,0
1.0,0.0,1.0,0.0,0.0,0.0,0.0,0.0,1.0,0.0,0,1,0,0,0,1,0,0,0,0,0,0,0,1,0,0,0,1,1,0,0,0
1.0,0.0,0.0,0.0,0.0,1.0,0.0,0.0,1.0,0.0,0,0,1,0,0,0,1,0,0,0,0,0,1,0,0,1,0,0,0,1,0,0
1.0,0.0,0.0,1.0,0.0,0.0,0.0,0.0,1.0,0.0,1,0,0,0,1,0,0,0,0,0,0,1,0,0,1,0,0,0,0,1,0,0
1.0,0.0,0.0,1.0,0.0,0.0,0.0,0.0,1.0,0.0,1,0,0,0,0,0,1,0,0,0,0,0,0,1,0,0,1,0,1,0,0,0
1.0,1.0,0.0,1.0,0.0,0.0,0.0,0.0,1.0,0.0,1,0,0,0,0,1,0,0,0,0,1,0,0,0,0,0,0,1,0,1,0,0
1.0,0.0,0.0,0.0,0.0,1.0,0.0,0.0,1.0,0.0,1,0,0,0,0,0,0,1,0,0,0,0,1,0,0,0,0,1,0,1,0,0
1.0,0.0,0.0,0.0,0.0,1.0,0.0,1.0,0.0,0.0,0,0,1,0,0,1,0,0,0,1,0,0,0,0,0,1,0,0,1,0,0,0
1.0,0.0,0.0,0.0,0.0,1.0,0.0,0.0,1.0,0.0,1,0,0,0,0,0,0,1,0,0,0,0,0,1,0,0,0,1,1,0,0,0
1.0,0.0,0.0,0.0,0.0,1.0,0.0,0.0,1.0,0.0,1,0,0,0,0,0,0,1,0,0,0,1,0,0,1,0,0,0,1,0,0,0
0.0,1.0,0.0,0.0,0.0,1.0,0.0,0.0,1.0,0.0,0,1,0,0,0,1,0,0,0,1,0,0,0,0,0,0,0,1,1,0,0,0
1.0,1.0,0.0,0.0,0.0,1.0,0.0,0.0,1.0,0.0,0,0,1,0,0,0,0,0,1,0,1,0,0,0,0,0,0,1,1,0,0,0
1.0,1.0,0.0,0.0,0.0,1.0,0.0,0.0,0.0,1.0,1,0,0,0,0,1,0,0,0,0,0,0,1,0,0,1,0,0,1,0,0,0
0.0,0.0,0.0,1.0,0.0,0.0,0.0,0.0,1.0,0.0,0,0,1,0,0,1,0,0,0,0,0,0,0,1,0,0,0,1,0,1,0,0
0.0,0.0,0.0,0.0,0.0,0.0,1.0,0.0,0.0,1.0,0,1,0,0,0,1,0,0,0,0,0,0,0,1,0,0,0,1,0,1,0,0
1.0,1.0,0.0,0.0,0.0,1.0,0.0,0.0,1.0,0.0,1,0,0,0,0,1,0,0,0,0,0,1,0,0,0,0,0,1,1,0,0,0
0.0,1.0,0.0,0.0,1.0,0.0,0.0,0.0,1.0,0.0,0,0,1,0,0,1,0,0,0,1,0,0,0,0,0,0,1,0,1,0,0,0
1.0,0.0,0.0,0.0,0.0,1.0,0.0,0.0,1.0,0.0,0,0,1,0,0,1,0,0,0,0,0,1,0,0,0,0,0,1,1,0,0,0
0.0,0.0,0.0,0.0,1.0,0.0,0.0,0.0,1.0,0.0,0,1,0,0,0,1,0,0,0,0,1,0,0,0,0,1,0,0,0,1,0,0
0.0,1.0,1.0,0.0,0.0,0.0,0.0,0.0,1.0,0.0,1,0,0,0,1,0,0,0,0,1,0,0,0,0,0,0,0,1,1,0,0,0
1.0,0.0,0.0,0.0,0.0,1.0,0.0,0.0,1.0,0.0,0,1,0,0,0,1,0,0,0,0,0,1,0,0,0,1,0,0,1,0,0,0
1.0,0.0,0.0,1.0,0.0,0.0,0.0,0.0,1.0,0.0,0,1,0,0,0,0,0,1,0,0,0,0,0,1,0,0,0,1,0,1,0,0
1.0,0.0,0.0,0.0,0.0,1.0,0.0,0.0,0.0,1.0,1,0,0,0,0,1,0,0,0,0,0,0,1,0,0,0,0,1,0,1,0,0
1.0,0.0,0.0,1.0,0.0,0.0,0.0,0.0,1.0,0.0,0,1,0,0,0,1,0,0,0,0,0,0,0,1,0,0,0,1,0,1,0,0
0.0,0.0,0.0,0.0,1.0,0.0,0.0,0.0,1.0,0.0,1,0,0,0,0,1,0,0,0,0,1,0,0,0,1,0,0,0,0,1,0,0
0.0,0.0,0.0,0.0,1.0,0.0,0.0,0.0,1.0,0.0,0,0,1,0,0,1,0,0,0,0,0,1,0,0,0,1,0,0,0,1,0,0
0.0,0.0,1.0,0.0,0.0,0.0,0.0,0.0,1.0,0.0,0,1,0,0,1,0,0,0,0,0,0,1,0,0,0,0,0,1,0,1,0,0
1.0,0.0,0.0,1.0,0.0,0.0,0.0,0.0,1.0,0.0,1,0,0,0,0,0,0,0,1,0,0,1,0,0,0,0,0,1,1,0,0,0
0.0,0.0,0.0,1.0,0.0,0.0,0.0,0.0,1.0,0.0,0,0,1,0,0,1,0,0,0,0,0,0,0,1,0,0,0,1,1,0,0,0
1.0,0.0,0.0,1.0,0.0,0.0,0.0,0.0,1.0,0.0,1,0,0,0,0,1,0,0,0,0,0,1,0,0,0,0,0,1,0,1,0,0
0.0,1.0,1.0,0.0,0.0,0.0,0.0,1.0,0.0,0.0,0,0,1,0,0,1,0,0,0,0,0,0,0,1,0,1,0,0,1,0,0,0
1.0,0.0,0.0,1.0,0.0,0.0,0.0,1.0,0.0,0.0,0,0,1,0,0,1,0,0,0,1,0,0,0,0,0,1,0,0,0,0,1,0
0.0,0.0,0.0,0.0,0.0,1.0,0.0,0.0,1.0,0.0,0,1,0,0,0,0,1,0,0,0,0,0,1,0,0,0,0,1,1,0,0,0
1.0,1.0,0.0,0.0,0.0,0.0,1.0,0.0,1.0,0.0,0,0,1,0,0,1,0,0,0,0,0,1,0,0,1,0,0,0,0,1,0,0
0.0,0.0,0.0,0.0,0.0,1.0,0.0,0.0,1.0,0.0,1,0,0,0,0,0,0,0,1,0,0,1,0,0,0,1,0,0,0,0,1,0
0.0,0.0,0.0,0.0,0.0,0.0,1.0,1.0,0.0,0.0,0,0,1,0,0,0,1,0,0,0,0,0,1,0,0,0,0,1,1,0,0,0
0.0,0.0,0.0,0.0,0.0,1.0,0.0,0.0,1.0,0.0,0,0,1,0,0,1,0,0,0,0,0,1,0,0,0,0,0,1,1,0,0,0
1.0,0.0,0.0,0.0,0.0,1.0,0.0,0.0,0.0,1.0,1,0,0,0,0,1,0,0,0,0,0,0,1,0,0,1,0,0,1,0,0,0
0.0,0.0,0.0,0.0,0.0,1.0,0.0,0.0,0.0,1.0,0,0,1,0,0,0,1,0,0,0,0,1,0,0,0,0,0,1,1,0,0,0
0.0,1.0,0.0,1.0,0.0,0.0,0.0,0.0,1.0,0.0,0,0,1,0,0,1,0,0,0,0,0,0,0,1,0,1,0,0,0,1,0,0
1.0,1.0,0.0,1.0,0.0,0.0,0.0,0.0,1.0,0.0,1,0,0,0,0,1,0,0,0,0,0,1,0,0,1,0,0,0,0,1,0,0
0.0,1.0,0.0,0.0,0.0,1.0,0.0,0.0,0.0,1.0,0,0,1,0,0,0,1,0,0,0,1,0,0,0,0,0,0,1,0,0,0,1
1.0,0.0,0.0,0.0,0.0,1.0,0.0,1.0,0.0,0.0,0,0,1,0,1,0,0,0,0,0,0,0,0,1,0,0,0,1,1,0,0,0
0.0,0.0,0.0,0.0,1.0,0.0,0.0,0.0,1.0,0.0,0,0,1,0,0,1,0,0,0,0,0,0,0,1,0,0,0,1,1,0,0,0
1.0,0.0,0.0,1.0,0.0,0.0,0.0,0.0,1.0,0.0,1,0,0,0,0,0,0,1,0,0,0,0,0,1,0,0,0,1,0,1,0,0
1.0,0.0,0.0,0.0,0.0,1.0,0.0,0.0,1.0,0.0,0,1,0,0,0,1,0,0,0,0,0,1,0,0,0,0,0,1,1,0,0,0
1.0,0.0,0.0,0.0,1.0,0.0,0.0,0.0,1.0,0.0,1,0,0,0,0,1,0,0,0,0,0,0,1,0,0,0,1,0,0,1,0,0
0.0,0.0,0.0,0.0,0.0,1.0,0.0,0.0,0.0,1.0,0,1,0,0,0,1,0,0,0,0,0,0,1,0,0,0,0,1,1,0,0,0
1.0,0.0,0.0,1.0,0.0,0.0,0.0,0.0,1.0,0.0,1,0,0,0,0,1,0,0,0,0,0,0,0,1,0,0,0,1,0,1,0,0
1.0,0.0,0.0,1.0,0.0,0.0,0.0,1.0,0.0,0.0,0,1,0,0,0,1,0,0,0,0,0,0,0,1,0,0,1,0,0,0,1,0
1.0,0.0,0.0,1.0,0.0,0.0,0.0,0.0,1.0,0.0,1,0,0,0,0,1,0,0,0,0,0,0,0,1,0,0,0,1,0,0,1,0
1.0,0.0,0.0,1.0,0.0,0.0,0.0,0.0,1.0,0.0,0,0,1,0,0,1,0,0,0,0,0,0,1,0,0,0,0,1,1,0,0,0
1.0,0.0,0.0,0.0,0.0,1.0,0.0,0.0,1.0,0.0,0,1,0,0,0,1,0,0,0,0,0,1,0,0,0,1,0,0,1,0,0,0
1.0,0.0,0.0,0.0,0.0,1.0,0.0,0.0,1.0,0.0,1,0,0,0,0,0,0,0,1,0,0,0,1,0,0,0,1,0,1,0,0,0
1.0,0.0,0.0,1.0,0.0,0.0,0.0,0.0,1.0,0.0,1,0,0,0,1,0,0,0,0,0,0,1,0,0,1,0,0,0,0,1,0,0
1.0,1.0,0.0,0.0,0.0,1.0,0.0,0.0,1.0,0.0,1,0,0,0,1,0,0,0,0,0,0,0,0,1,0,1,0,0,1,0,0,0
0.0,0.0,0.0,0.0,0.0,0.0,1.0,0.0,1.0,0.0,0,1,0,0,0,1,0,0,0,1,0,0,0,0,0,1,0,0,0,1,0,0
0.0,0.0,0.0,0.0,1.0,0.0,0.0,0.0,1.0,0.0,0,0,0,1,0,1,0,0,0,0,0,0,0,1,0,0,0,1,1,0,0,0
1.0,0.0,0.0,1.0,0.0,0.0,0.0,0.0,1.0,0.0,1,0,0,0,1,0,0,0,0,0,0,0,0,1,0,0,0,1,1,0,0,0
1.0,1.0,0.0,1.0,0.0,0.0,0.0,0.0,1.0,0.0,0,0,1,0,1,0,0,0,0,0,0,0,1,0,1,0,0,0,0,1,0,0
1.0,0.0,0.0,0.0,0.0,0.0,1.0,0.0,1.0,0.0,0,1,0,0,0,1,0,0,0,0,0,0,1,0,0,0,1,0,1,0,0,0
1.0,0.0,0.0,0.0,0.0,1.0,0.0,0.0,1.0,0.0,0,0,0,1,0,1,0,0,0,0,0,1,0,0,0,1,0,0,1,0,0,0
1.0,0.0,0.0,0.0,0.0,1.0,0.0,0.0,0.0,1.0,0,1,0,0,0,1,0,0,0,0,0,1,0,0,0,1,0,0,1,0,0,0
1.0,1.0,0.0,0.0,0.0,1.0,0.0,0.0,1.0,0.0,1,0,0,0,0,1,0,0,0,0,0,1,0,0,0,1,0,0,1,0,0,0
1.0,0.0,0.0,0.0,0.0,1.0,0.0,0.0,1.0,0.0,0,0,1,0,0,1,0,0,0,0,1,0,0,0,0,0,0,1,1,0,0,0
1.0,1.0,0.0,0.0,0.0,1.0,0.0,0.0,0.0,1.0,0,1,0,0,1,0,0,0,0,0,0,1,0,0,0,0,0,1,1,0,0,0
1.0,0.0,0.0,0.0,0.0,1.0,0.0,0.0,1.0,0.0,1,0,0,0,0,1,0,0,0,0,0,1,0,0,0,0,0,1,0,1,0,0
1.0,0.0,0.0,0.0,1.0,0.0,0.0,0.0,1.0,0.0,1,0,0,0,1,0,0,0,0,0,0,1,0,0,0,0,0,1,0,1,0,0
1.0,0.0,0.0,0.0,0.0,1.0,0.0,0.0,1.0,0.0,1,0,0,0,0,1,0,0,0,0,0,1,0,0,0,0,1,0,1,0,0,0
1.0,0.0,0.0,0.0,0.0,0.0,1.0,0.0,1.0,0.0,1,0,0,0,0,1,0,0,0,0,0,1,0,0,0,0,0,1,0,1,0,0
0.0,0.0,0.0,0.0,0.0,1.0,0.0,0.0,1.0,0.0,0,0,1,0,0,0,0,0,1,0,0,0,1,0,1,0,0,0,0,1,0,0
0.0,0.0,0.0,0.0,0.0,1.0,0.0,1.0,0.0,0.0,0,1,0,0,0,1,0,0,0,0,0,0,0,1,0,0,0,1,1,0,0,0
0.0,0.0,0.0,0.0,0.0,1.0,0.0,0.0,1.0,0.0,1,0,0,0,0,1,0,0,0,0,0,0,1,0,0,0,0,1,1,0,0,0
1.0,0.0,0.0,0.0,0.0,1.0,0.0,1.0,0.0,0.0,0,1,0,0,0,1,0,0,0,0,1,0,0,0,0,0,0,1,1,0,0,0
0.0,0.0,0.0,0.0,0.0,1.0,0.0,0.0,1.0,0.0,0,0,0,1,0,1,0,0,0,0,0,1,0,0,0,0,0,1,1,0,0,0
1.0,0.0,0.0,0.0,0.0,1.0,0.0,1.0,0.0,0.0,1,0,0,0,0,0,0,1,0,0,0,0,0,1,0,1,0,0,1,0,0,0
1.0,0.0,0.0,0.0,0.0,1.0,0.0,0.0,1.0,0.0,1,0,0,0,0,0,1,0,0,0,0,0,1,0,0,0,1,0,1,0,0,0
1.0,0.0,0.0,0.0,0.0,1.0,0.0,0.0,1.0,0.0,0,0,1,0,0,1,0,0,0,0,0,1,0,0,0,0,0,1,1,0,0,0
1.0,0.0,0.0,1.0,0.0,0.0,0.0,0.0,1.0,0.0,1,0,0,0,0,1,0,0,0,0,0,0,1,0,0,1,0,0,0,0,1,0
0.0,0.0,0.0,0.0,0.0,1.0,0.0,0.0,1.0,0.0,0,1,0,0,0,1,0,0,0,1,0,0,0,0,0,0,0,1,1,0,0,0
0.0,0.0,0.0,0.0,0.0,1.0,0.0,0.0,1.0,0.0,0,0,1,0,1,0,0,0,0,1,0,0,0,0,1,0,0,0,1,0,0,0
0.0,0.0,0.0,0.0,0.0,1.0,0.0,0.0,0.0,1.0,0,0,1,0,0,0,1,0,0,0,0,0,0,1,0,0,0,1,0,1,0,0
1.0,1.0,0.0,1.0,0.0,0.0,0.0,0.0,1.0,0.0,1,0,0,0,0,1,0,0,0,0,0,1,0,0,0,0,0,1,0,1,0,0
1.0,0.0,0.0,0.0,0.0,1.0,0.0,0.0,1.0,0.0,0,1,0,0,0,1,0,0,0,0,0,0,0,1,1,0,0,0,1,0,0,0
0.0,1.0,0.0,0.0,0.0,1.0,0.0,0.0,1.0,0.0,0,1,0,0,1,0,0,0,0,0,0,0,0,1,0,0,0,1,1,0,0,0
1.0,0.0,0.0,0.0,0.0,1.0,0.0,0.0,1.0,0.0,1,0,0,0,0,1,0,0,0,0,0,0,1,0,0,0,1,0,1,0,0,0
0.0,0.0,0.0,0.0,0.0,0.0,1.0,1.0,0.0,0.0,0,1,0,0,0,1,0,0,0,0,0,0,0,1,0,0,1,0,0,1,0,0
1.0,1.0,0.0,1.0,0.0,0.0,0.0,0.0,1.0,0.0,1,0,0,0,0,1,0,0,0,0,0,1,0,0,0,0,1,0,0,1,0,0
1.0,1.0,1.0,0.0,0.0,0.0,0.0,0.0,1.0,0.0,1,0,0,0,0,0,0,1,0,0,0,1,0,0,0,0,0,1,1,0,0,0
1.0,0.0,0.0,0.0,0.0,1.0,0.0,0.0,1.0,0.0,1,0,0,0,0,1,0,0,0,0,0,0,1,0,0,0,0,1,1,0,0,0
1.0,0.0,0.0,1.0,0.0,0.0,0.0,0.0,1.0,0.0,1,0,0,0,0,1,0,0,0,0,0,0,0,1,0,0,0,1,0,0,1,0
1.0,0.0,0.0,0.0,0.0,0.0,1.0,0.0,0.0,1.0,1,0,0,0,0,0,1,0,0,0,0,1,0,0,0,0,0,1,1,0,0,0
1.0,0.0,0.0,0.0,0.0,1.0,0.0,0.0,1.0,0.0,0,0,0,1,0,1,0,0,0,0,0,1,0,0,0,1,0,0,1,0,0,0
0.0,1.0,0.0,0.0,0.0,1.0,0.0,0.0,0.0,1.0,1,0,0,0,0,1,0,0,0,1,0,0,0,0,0,0,1,0,1,0,0,0
1.0,1.0,0.0,1.0,0.0,0.0,0.0,0.0,1.0,0.0,0,1,0,0,0,0,0,0,1,0,0,0,1,0,0,0,1,0,0,1,0,0
1.0,1.0,0.0,0.0,0.0,1.0,0.0,0.0,1.0,0.0,0,0,0,1,0,1,0,0,0,0,0,1,0,0,1,0,0,0,1,0,0,0
0.0,1.0,0.0,0.0,0.0,1.0,0.0,0.0,1.0,0.0,0,0,1,0,0,1,0,0,0,0,0,1,0,0,0,0,0,1,1,0,0,0
1.0,0.0,0.0,0.0,1.0,0.0,0.0,0.0,1.0,0.0,1,0,0,0,0,0,1,0,0,0,0,1,0,0,0,1,0,0,0,1,0,0
1.0,0.0,0.0,0.0,0.0,1.0,0.0,0.0,1.0,0.0,0,0,1,0,1,0,0,0,0,0,0,0,1,0,0,1,0,0,1,0,0,0
1.0,0.0,0.0,0.0,1.0,0.0,0.0,0.0,1.0,0.0,0,0,1,0,1,0,0,0,0,0,0,1,0,0,1,0,0,0,1,0,0,0
1.0,0.0,0.0,1.0,0.0,0.0,0.0,0.0,1.0,0.0,1,0,0,0,0,1,0,0,0,0,0,1,0,0,0,0,0,1,0,1,0,0
0.0,0.0,1.0,0.0,0.0,0.0,0.0,1.0,0.0,0.0,0,1,0,0,0,1,0,0,0,0,0,1,0,0,0,0,0,1,1,0,0,0
1.0,1.0,0.0,0.0,0.0,1.0,0.0,0.0,1.0,0.0,1,0,0,0,0,0,1,0,0,0,1,0,0,0,1,0,0,0,1,0,0,0
1.0,1.0,0.0,1.0,0.0,0.0,0.0,0.0,1.0,0.0,1,0,0,0,0,0,1,0,0,1,0,0,0,0,0,0,0,1,0,0,1,0
1.0,0.0,0.0,0.0,0.0,1.0,0.0,0.0,1.0,0.0,0,1,0,0,0,1,0,0,0,0,0,1,0,0,0,1,0,0,1,0,0,0
1.0,1.0,0.0,0.0,0.0,1.0,0.0,0.0,1.0,0.0,0,1,0,0,0,1,0,0,0,0,0,0,0,1,0,0,0,1,1,0,0,0
1.0,0.0,0.0,1.0,0.0,0.0,0.0,1.0,0.0,0.0,0,1,0,0,0,1,0,0,0,0,0,0,0,1,0,1,0,0,0,0,1,0
1.0,1.0,0.0,1.0,0.0,0.0,0.0,1.0,0.0,0.0,1,0,0,0,0,1,0,0,0,0,0,0,0,1,0,1,0,0,0,0,1,0
1.0,0.0,0.0,1.0,0.0,0.0,0.0,0.0,1.0,0.0,1,0,0,0,0,1,0,0,0,0,0,0,0,1,0,0,1,0,0,1,0,0
0.0,0.0,0.0,0.0,0.0,1.0,0.0,0.0,1.0,0.0,0,0,1,0,0,1,0,0,0,0,0,0,0,1,0,0,0,1,1,0,0,0
1.0,0.0,0.0,1.0,0.0,0.0,0.0,0.0,1.0,0.0,1,0,0,0,1,0,0,0,0,0,0,0,0,1,0,0,0,1,0,1,0,0
1.0,1.0,0.0,0.0,0.0,1.0,0.0,0.0,1.0,0.0,1,0,0,0,0,1,0,0,0,0,1,0,0,0,0,0,0,1,1,0,0,0
0.0,0.0,0.0,0.0,0.0,1.0,0.0,0.0,1.0,0.0,0,1,0,0,0,1,0,0,0,0,0,0,0,1,1,0,0,0,1,0,0,0
1.0,0.0,0.0,0.0,0.0,1.0,0.0,0.0,1.0,0.0,1,0,0,0,1,0,0,0,0,0,0,0,0,1,0,0,0,1,0,1,0,0
1.0,0.0,0.0,0.0,0.0,1.0,0.0,0.0,1.0,0.0,1,0,0,0,1,0,0,0,0,0,0,0,1,0,0,0,0,1,1,0,0,0
1.0,1.0,0.0,1.0,0.0,0.0,0.0,0.0,0.0,1.0,1,0,0,0,0,0,0,1,0,0,0,0,1,0,0,0,1,0,1,0,0,0
1.0,0.0,1.0,0.0,0.0,0.0,0.0,1.0,0.0,0.0,0,0,1,0,1,0,0,0,0,1,0,0,0,0,0,0,0,1,1,0,0,0
0.0,0.0,0.0,0.0,0.0,1.0,0.0,0.0,1.0,0.0,0,0,1,0,0,1,0,0,0,0,0,0,1,0,0,0,0,1,0,1,0,0
0.0,0.0,0.0,0.0,0.0,1.0,0.0,0.0,1.0,0.0,0,1,0,0,0,1,0,0,0,0,1,0,0,0,1,0,0,0,1,0,0,0
1.0,0.0,0.0,0.0,0.0,1.0,0.0,0.0,1.0,0.0,1,0,0,0,0,1,0,0,0,0,0,1,0,0,1,0,0,0,1,0,0,0
1.0,1.0,0.0,1.0,0.0,0.0,0.0,0.0,1.0,0.0,1,0,0,0,0,1,0,0,0,0,0,1,0,0,0,1,0,0,0,1,0,0
1.0,0.0,0.0,0.0,0.0,1.0,0.0,0.0,1.0,0.0,0,1,0,0,1,0,0,0,0,0,0,0,0,1,0,1,0,0,1,0,0,0
0.0,1.0,0.0,0.0,0.0,1.0,0.0,0.0,1.0,0.0,1,0,0,0,0,1,0,0,0,0,1,0,0,0,1,0,0,0,1,0,0,0
1.0,0.0,0.0,0.0,0.0,1.0,0.0,0.0,0.0,1.0,1,0,0,0,0,0,1,0,0,0,0,1,0,0,0,0,0,1,1,0,0,0
1.0,0.0,0.0,1.0,0.0,0.0,0.0,0.0,0.0,1.0,1,0,0,0,0,0,0,0,1,0,0,0,0,1,0,0,1,0,0,1,0,0
1.0,0.0,0.0,0.0,0.0,1.0,0.0,0.0,1.0,0.0,1,0,0,0,0,1,0,0,0,0,0,1,0,0,0,0,0,1,1,0,0,0
1.0,0.0,1.0,0.0,0.0,0.0,0.0,0.0,1.0,0.0,0,0,0,1,1,0,0,0,0,0,0,0,1,0,0,0,0,1,1,0,0,0
1.0,0.0,0.0,1.0,0.0,0.0,0.0,0.0,1.0,0.0,1,0,0,0,1,0,0,0,0,0,0,0,0,1,0,0,0,1,1,0,0,0
1.0,0.0,0.0,1.0,0.0,0.0,0.0,0.0,1.0,0.0,0,0,1,0,0,0,1,0,0,0,1,0,0,0,0,0,0,1,1,0,0,0
1.0,1.0,0.0,0.0,0.0,1.0,0.0,0.0,1.0,0.0,0,1,0,0,0,1,0,0,0,0,1,0,0,0,1,0,0,0,1,0,0,0
1.0,0.0,0.0,0.0,0.0,1.0,0.0,0.0,1.0,0.0,0,1,0,0,0,1,0,0,0,0,0,0,1,0,0,0,0,1,1,0,0,0
1.0,0.0,0.0,0.0,1.0,0.0,0.0,1.0,0.0,0.0,0,0,1,0,0,0,1,0,0,1,0,0,0,0,0,1,0,0,1,0,0,0
1.0,1.0,0.0,0.0,0.0,1.0,0.0,0.0,1.0,0.0,0,0,1,0,0,1,0,0,0,0,0,1,0,0,0,0,0,1,0,1,0,0
0.0,0.0,0.0,0.0,1.0,0.0,0.0,0.0,1.0,0.0,0,1,0,0,0,1,0,0,0,0,1,0,0,0,0,0,0,1,1,0,0,0
1.0,0.0,0.0,0.0,0.0,1.0,0.0,0.0,1.0,0.0,1,0,0,0,0,1,0,0,0,0,0,1,0,0,0,1,0,0,1,0,0,0
0.0,0.0,0.0,0.0,0.0,1.0,0.0,0.0,0.0,1.0,0,0,1,0,0,1,0,0,0,0,1,0,0,0,1,0,0,0,1,0,0,0
1.0,1.0,0.0,1.0,0.0,0.0,0.0,1.0,0.0,0.0,0,1,0,0,0,1,0,0,0,0,0,0,0,1,0,1,0,0,0,1,0,0
1.0,0.0,0.0,1.0,0.0,0.0,0.0,1.0,0.0,0.0,0,0,0,1,0,1,0,0,0,0,0,0,0,1,0,0,0,1,1,0,0,0
1.0,0.0,0.0,1.0,0.0,0.0,0.0,0.0,1.0,0.0,1,0,0,0,1,0,0,0,0,0,0,0,0,1,0,0,0,1,0,1,0,0
0.0,1.0,0.0,0.0,0.0,1.0,0.0,0.0,1.0,0.0,0,0,1,0,0,1,0,0,0,0,1,0,0,0,1,0,0,0,1,0,0,0
1.0,1.0,0.0,0.0,0.0,1.0,0.0,0.0,0.0,1.0,1,0,0,0,1,0,0,0,0,0,1,0,0,0,1,0,0,0,1,0,0,0
1.0,0.0,0.0,0.0,0.0,1.0,0.0,0.0,1.0,0.0,1,0,0,0,1,0,0,0,0,0,0,0,0,1,0,0,0,1,1,0,0,0
1.0,0.0,0.0,0.0,0.0,1.0,0.0,0.0,1.0,0.0,1,0,0,0,0,1,0,0,0,0,0,1,0,0,0,0,1,0,1,0,0,0
1.0,0.0,0.0,1.0,0.0,0.0,0.0,0.0,1.0,0.0,0,0,1,0,0,0,0,0,1,0,0,0,1,0,0,0,1,0,0,1,0,0
1.0,1.0,0.0,0.0,0.0,1.0,0.0,0.0,1.0,0.0,1,0,0,0,0,1,0,0,0,1,0,0,0,0,1,0,0,0,1,0,0,0
0.0,1.0,0.0,0.0,0.0,0.0,1.0,0.0,1.0,0.0,0,0,1,0,0,1,0,0,0,0,0,1,0,0,0,0,0,1,1,0,0,0
0.0,0.0,0.0,1.0,0.0,0.0,0.0,0.0,1.0,0.0,0,0,0,1,1,0,0,0,0,0,0,0,1,0,0,0,0,1,0,1,0,0
1.0,0.0,0.0,1.0,0.0,0.0,0.0,0.0,1.0,0.0,0,1,0,0,0,1,0,0,0,0,0,0,1,0,0,0,0,1,0,1,0,0
0.0,0.0,0.0,1.0,0.0,0.0,0.0,1.0,0.0,0.0,1,0,0,0,0,0,0,1,0,0,0,1,0,0,0,1,0,0,1,0,0,0
1.0,0.0,0.0,0.0,0.0,1.0,0.0,0.0,1.0,0.0,1,0,0,0,0,0,0,0,1,0,0,1,0,0,0,0,0,1,1,0,0,0
1.0,1.0,0.0,0.0,0.0,1.0,0.0,0.0,0.0,1.0,1,0,0,0,1,0,0,0,0,0,0,0,1,0,0,1,0,0,1,0,0,0
0.0,0.0,0.0,0.0,0.0,1.0,0.0,0.0,1.0,0.0,0,1,0,0,0,0,1,0,0,0,1,0,0,0,0,0,0,1,1,0,0,0
0.0,1.0,0.0,0.0,0.0,1.0,0.0,0.0,1.0,0.0,0,0,1,0,0,1,0,0,0,0,0,1,0,0,0,0,1,0,1,0,0,0
1.0,0.0,0.0,0.0,0.0,1.0,0.0,0.0,0.0,1.0,0,0,1,0,0,1,0,0,0,0,0,1,0,0,0,0,0,1,1,0,0,0
1.0,0.0,0.0,0.0,0.0,1.0,0.0,1.0,0.0,0.0,0,0,1,0,1,0,0,0,0,1,0,0,0,0,0,0,1,0,1,0,0,0
1.0,0.0,0.0,0.0,0.0,1.0,0.0,0.0,1.0,0.0,1,0,0,0,0,0,1,0,0,0,0,1,0,0,0,0,0,1,1,0,0,0
1.0,1.0,0.0,0.0,0.0,1.0,0.0,0.0,1.0,0.0,0,0,0,1,0,1,0,0,0,0,1,0,0,0,0,1,0,0,1,0,0,0
0.0,0.0,0.0,0.0,0.0,1.0,0.0,0.0,1.0,0.0,0,0,1,0,0,1,0,0,0,0,0,0,1,0,0,1,0,0,1,0,0,0
1.0,0.0,0.0,0.0,0.0,1.0,0.0,0.0,1.0,0.0,0,0,0,1,1,0,0,0,0,0,1,0,0,0,1,0,0,0,1,0,0,0
0.0,0.0,1.0,0.0,0.0,0.0,0.0,0.0,1.0,0.0,0,1,0,0,0,1,0,0,0,0,0,0,0,1,0,0,0,1,1,0,0,0
1.0,0.0,0.0,0.0,0.0,1.0,0.0,0.0,1.0,0.0,0,1,0,0,0,1,0,0,0,0,0,1,0,0,0,1,0,0,1,0,0,0
1.0,1.0,0.0,0.0,0.0,1.0,0.0,0.0,1.0,0.0,0,0,1,0,1,0,0,0,0,0,0,1,0,0,1,0,0,0,1,0,0,0
1.0,0.0,0.0,1.0,0.0,0.0,0.0,0.0,1.0,0.0,1,0,0,0,0,1,0,0,0,0,0,1,0,0,0,0,0,1,0,1,0,0
1.0,1.0,0.0,0.0,1.0,0.0,0.0,0.0,1.0,0.0,0,1,0,0,0,1,0,0,0,0,0,0,0,1,1,0,0,0,0,1,0,0
0.0,0.0,0.0,1.0,0.0,0.0,0.0,0.0,1.0,0.0,0,0,1,0,0,1,0,0,0,1,0,0,0,0,0,0,0,1,0,1,0,0
0.0,0.0,0.0,0.0,0.0,1.0,0.0,0.0,1.0,0.0,0,1,0,0,0,1,0,0,0,0,1,0,0,0,0,0,0,1,1,0,0,0
1.0,0.0,0.0,0.0,0.0,1.0,0.0,1.0,0.0,0.0,0,1,0,0,0,1,0,0,0,0,0,0,1,0,0,1,0,0,1,0,0,0
1.0,0.0,0.0,0.0,0.0,1.0,0.0,0.0,1.0,0.0,0,1,0,0,0,0,0,0,1,0,0,1,0,0,0,0,0,1,1,0,0,0
1.0,1.0,0.0,1.0,0.0,0.0,0.0,0.0,1.0,0.0,1,0,0,0,0,1,0,0,0,0,0,1,0,0,0,0,0,1,0,1,0,0
1.0,0.0,0.0,1.0,0.0,0.0,0.0,0.0,1.0,0.0,0,1,0,0,0,1,0,0,0,0,0,0,1,0,1,0,0,0,0,1,0,0
1.0,0.0,0.0,1.0,0.0,0.0,0.0,0.0,0.0,1.0,1,0,0,0,1,0,0,0,0,0,0,0,0,1,0,1,0,0,1,0,0,0
1.0,1.0,0.0,0.0,0.0,1.0,0.0,0.0,1.0,0.0,1,0,0,0,0,0,0,0,1,0,0,0,1,0,0,0,0,1,1,0,0,0
1.0,0.0,0.0,0.0,0.0,1.0,0.0,0.0,1.0,0.0,0,0,0,1,0,1,0,0,0,0,0,0,0,1,0,0,0,1,1,0,0,0
1.0,0.0,0.0,0.0,0.0,1.0,0.0,0.0,1.0,0.0,0,0,1,0,0,1,0,0,0,0,0,0,0,1,0,0,0,1,1,0,0,0
1.0,0.0,0.0,1.0,0.0,0.0,0.0,1.0,0.0,0.0,0,1,0,0,0,1,0,0,0,1,0,0,0,0,0,1,0,0,0,1,0,0
0.0,1.0,0.0,1.0,0.0,0.0,0.0,0.0,1.0,0.0,1,0,0,0,0,0,1,0,0,0,0,1,0,0,0,0,0,1,0,1,0,0
0.0,1.0,0.0,0.0,0.0,1.0,0.0,0.0,1.0,0.0,0,0,1,0,0,0,1,0,0,0,1,0,0,0,0,0,0,1,1,0,0,0
0.0,1.0,0.0,1.0,0.0,0.0,0.0,0.0,0.0,1.0,1,0,0,0,0,0,1,0,0,0,0,1,0,0,0,1,0,0,0,1,0,0
0.0,0.0,0.0,0.0,0.0,0.0,1.0,0.0,0.0,1.0,0,1,0,0,0,1,0,0,0,0,0,0,0,1,0,0,1,0,0,1,0,0
0.0,0.0,0.0,1.0,0.0,0.0,0.0,0.0,0.0,1.0,0,1,0,0,0,1,0,0,0,0,0,1,0,0,1,0,0,0,1,0,0,0
1.0,1.0,0.0,0.0,0.0,1.0,0.0,0.0,1.0,0.0,0,0,1,0,0,1,0,0,0,0,1,0,0,0,0,1,0,0,1,0,0,0
0.0,1.0,0.0,0.0,0.0,1.0,0.0,0.0,0.0,1.0,0,1,0,0,1,0,0,0,0,0,0,1,0,0,0,0,0,1,1,0,0,0
1.0,0.0,0.0,0.0,0.0,1.0,0.0,0.0,1.0,0.0,0,1,0,0,0,1,0,0,0,0,0,1,0,0,0,0,0,1,1,0,0,0
1.0,0.0,0.0,0.0,0.0,1.0,0.0,0.0,1.0,0.0,0,0,1,0,0,1,0,0,0,0,0,1,0,0,0,0,0,1,1,0,0,0
1.0,1.0,0.0,1.0,0.0,0.0,0.0,1.0,0.0,0.0,0,0,1,0,0,1,0,0,0,0,1,0,0,0,0,1,0,0,0,1,0,0
1.0,1.0,0.0,0.0,0.0,1.0,0.0,0.0,0.0,1.0,0,1,0,0,0,1,0,0,0,0,0,0,1,0,1,0,0,0,1,0,0,0
1.0,0.0,0.0,0.0,0.0,1.0,0.0,0.0,0.0,1.0,0,0,1,0,0,0,0,1,0,0,1,0,0,0,1,0,0,0,1,0,0,0
1.0,0.0,0.0,0.0,0.0,1.0,0.0,0.0,1.0,0.0,0,0,1,0,0,1,0,0,0,0,0,0,0,1,1,0,0,0,1,0,0,0
1.0,0.0,0.0,0.0,0.0,1.0,0.0,0.0,1.0,0.0,0,0,0,1,0,1,0,0,0,0,1,0,0,0,1,0,0,0,1,0,0,0
1.0,1.0,0.0,1.0,0.0,0.0,0.0,0.0,1.0,0.0,1,0,0,0,0,1,0,0,0,0,0,1,0,0,0,0,0,1,1,0,0,0
1.0,0.0,0.0,1.0,0.0,0.0,0.0,0.0,1.0,0.0,0,0,1,0,0,1,0,0,0,0,1,0,0,0,0,0,0,1,0,1,0,0
1.0,1.0,0.0,0.0,0.0,1.0,0.0,0.0,0.0,1.0,0,0,1,0,0,0,0,1,0,1,0,0,0,0,1,0,0,0,1,0,0,0
1.0,0.0,0.0,0.0,1.0,0.0,0.0,0.0,1.0,0.0,1,0,0,0,0,0,1,0,0,0,0,1,0,0,1,0,0,0,0,1,0,0
0.0,0.0,0.0,1.0,0.0,0.0,0.0,1.0,0.0,0.0,0,0,1,0,0,0,0,0,1,0,0,0,0,1,0,0,0,1,0,1,0,0
1.0,1.0,0.0,0.0,0.0,1.0,0.0,0.0,0.0,1.0,1,0,0,0,0,1,0,0,0,0,1,0,0,0,1,0,0,0,1,0,0,0
0.0,1.0,0.0,0.0,0.0,1.0,0.0,0.0,1.0,0.0,0,0,1,0,0,1,0,0,0,0,0,1,0,0,1,0,0,0,1,0,0,0
1.0,0.0,0.0,1.0,0.0,0.0,0.0,0.0,1.0,0.0,1,0,0,0,1,0,0,0,0,1,0,0,0,0,0,1,0,0,1,0,0,0
0.0,0.0,0.0,0.0,0.0,0.0,1.0,0.0,0.0,1.0,0,1,0,0,0,1,0,0,0,0,0,1,0,0,0,0,0,1,0,1,0,0
1.0,0.0,0.0,0.0,0.0,1.0,0.0,1.0,0.0,0.0,1,0,0,0,0,0,0,1,0,0,0,0,0,1,0,0,0,1,1,0,0,0
0.0,0.0,0.0,0.0,0.0,1.0,0.0,0.0,1.0,0.0,0,0,1,0,0,1,0,0,0,0,1,0,0,0,0,0,0,1,1,0,0,0
1.0,0.0,0.0,1.0,0.0,0.0,0.0,0.0,1.0,0.0,1,0,0,0,1,0,0,0,0,0,0,0,0,1,1,0,0,0,1,0,0,0
0.0,0.0,0.0,0.0,1.0,0.0,0.0,0.0,1.0,0.0,1,0,0,0,0,1,0,0,0,0,0,1,0,0,0,0,0,1,0,1,0,0
1.0,0.0,0.0,0.0,0.0,1.0,0.0,0.0,1.0,0.0,1,0,0,0,0,1,0,0,0,0,0,1,0,0,0,0,0,1,1,0,0,0
0.0,1.0,0.0,0.0,0.0,1.0,0.0,0.0,0.0,1.0,0,1,0,0,0,1,0,0,0,0,0,0,1,0,0,0,0,1,1,0,0,0
1.0,0.0,0.0,0.0,0.0,1.0,0.0,1.0,0.0,0.0,0,0,1,0,1,0,0,0,0,0,0,1,0,0,0,0,0,1,1,0,0,0
1.0,0.0,0.0,0.0,0.0,1.0,0.0,0.0,1.0,0.0,0,0,0,1,1,0,0,0,0,0,0,0,0,1,0,1,0,0,1,0,0,0
1.0,1.0,0.0,0.0,1.0,0.0,0.0,0.0,1.0,0.0,0,0,0,1,0,1,0,0,0,0,0,1,0,0,0,1,0,0,0,1,0,0
1.0,0.0,0.0,0.0,0.0,1.0,0.0,0.0,0.0,1.0,1,0,0,0,0,1,0,0,0,0,0,1,0,0,1,0,0,0,1,0,0,0
0.0,0.0,0.0,0.0,0.0,1.0,0.0,0.0,1.0,0.0,0,1,0,0,0,1,0,0,0,1,0,0,0,0,0,0,0,1,1,0,0,0
1.0,0.0,0.0,0.0,0.0,1.0,0.0,0.0,1.0,0.0,1,0,0,0,0,1,0,0,0,0,0,0,1,0,0,1,0,0,1,0,0,0
1.0,0.0,0.0,1.0,0.0,0.0,0.0,0.0,1.0,0.0,1,0,0,0,0,1,0,0,0,0,0,0,1,0,0,0,1,0,0,1,0,0
1.0,1.0,0.0,0.0,0.0,1.0,0.0,0.0,0.0,1.0,0,1,0,0,0,1,0,0,0,0,1,0,0,0,1,0,0,0,1,0,0,0
0.0,0.0,0.0,0.0,0.0,1.0,0.0,0.0,1.0,0.0,0,1,0,0,0,1,0,0,0,0,0,0,0,1,0,0,0,1,1,0,0,0
1.0,1.0,0.0,0.0,0.0,1.0,0.0,0.0,0.0,1.0,0,0,1,0,0,1,0,0,0,0,0,0,1,0,0,1,0,0,1,0,0,0
1.0,0.0,0.0,0.0,0.0,1.0,0.0,0.0,1.0,0.0,1,0,0,0,1,0,0,0,0,0,0,1,0,0,0,0,0,1,1,0,0,0
1.0,0.0,0.0,1.0,0.0,0.0,0.0,0.0,1.0,0.0,1,0,0,0,0,1,0,0,0,0,0,0,0,1,0,0,1,0,0,1,0,0
1.0,1.0,0.0,1.0,0.0,0.0,0.0,0.0,0.0,1.0,1,0,0,0,0,1,0,0,0,0,1,0,0,0,1,0,0,0,0,1,0,0
1.0,0.0,0.0,1.0,0.0,0.0,0.0,1.0,0.0,0.0,1,0,0,0,1,0,0,0,0,0,0,0,0,1,0,1,0,0,1,0,0,0
0.0,1.0,1.0,0.0,0.0,0.0,0.0,1.0,0.0,0.0,0,0,1,0,0,0,1,0,0,0,0,0,0,1,0,0,1,0,0,1,0,0
0.0,1.0,1.0,0.0,0.0,0.0,0.0,0.0,0.0,1.0,0,1,0,0,0,1,0,0,0,0,0,0,1,0,0,1,0,0,1,0,0,0
1.0,0.0,0.0,0.0,1.0,0.0,0.0,0.0,1.0,0.0,1,0,0,0,0,1,0,0,0,1,0,0,0,0,0,1,0,0,0,1,0,0
1.0,0.0,0.0,0.0,1.0,0.0,0.0,1.0,0.0,0.0,1,0,0,0,1,0,0,0,0,0,0,0,0,1,0,0,1,0,1,0,0,0
0.0,0.0,0.0,0.0,0.0,1.0,0.0,1.0,0.0,0.0,0,0,1,0,0,1,0,0,0,0,0,0,0,1,0,0,0,1,1,0,0,0
1.0,1.0,0.0,1.0,0.0,0.0,0.0,0.0,1.0,0.0,1,0,0,0,0,0,1,0,0,0,0,1,0,0,0,0,0,1,0,1,0,0
1.0,0.0,0.0,0.0,0.0,1.0,0.0,0.0,1.0,0.0,0,1,0,0,1,0,0,0,0,0,0,0,1,0,0,0,0,1,1,0,0,0
0.0,1.0,0.0,0.0,0.0,1.0,0.0,1.0,0.0,0.0,0,0,1,0,0,1,0,0,0,1,0,0,0,0,0,0,1,0,1,0,0,0
1.0,1.0,0.0,0.0,0.0,1.0,0.0,0.0,0.0,1.0,1,0,0,0,1,0,0,0,0,0,0,0,1,0,0,0,0,1,1,0,0,0
1.0,0.0,0.0,0.0,0.0,1.0,0.0,0.0,1.0,0.0,0,0,0,1,0,1,0,0,0,0,1,0,0,0,0,0,0,1,1,0,0,0
1.0,0.0,0.0,0.0,1.0,0.0,0.0,0.0,1.0,0.0,1,0,0,0,0,0,1,0,0,0,0,1,0,0,0,1,0,0,0,1,0,0
1.0,1.0,0.0,1.0,0.0,0.0,0.0,0.0,1.0,0.0,1,0,0,0,0,1,0,0,0,0,0,1,0,0,0,1,0,0,0,1,0,0
1.0,1.0,0.0,0.0,0.0,1.0,0.0,0.0,0.0,1.0,1,0,0,0,1,0,0,0,0,0,1,0,0,0,0,0,0,1,1,0,0,0
1.0,0.0,0.0,1.0,0.0,0.0,0.0,0.0,1.0,0.0,0,0,1,0,0,1,0,0,0,1,0,0,0,0,0,0,0,1,0,1,0,0
1.0,0.0,0.0,1.0,0.0,0.0,0.0,0.0,1.0,0.0,0,0,1,0,0,0,0,1,0,0,0,1,0,0,0,1,0,0,1,0,0,0
1.0,1.0,0.0,0.0,0.0,1.0,0.0,0.0,1.0,0.0,1,0,0,0,0,1,0,0,0,0,0,0,1,0,0,0,1,0,0,1,0,0
1.0,0.0,0.0,0.0,0.0,1.0,0.0,0.0,1.0,0.0,1,0,0,0,0,1,0,0,0,0,0,1,0,0,0,1,0,0,1,0,0,0
1.0,1.0,0.0,0.0,0.0,1.0,0.0,0.0,0.0,1.0,0,0,1,0,0,0,0,0,1,0,1,0,0,0,1,0,0,0,1,0,0,0
1.0,0.0,0.0,0.0,0.0,1.0,0.0,1.0,0.0,0.0,0,1,0,0,0,1,0,0,0,0,0,0,1,0,0,1,0,0,1,0,0,0
1.0,1.0,0.0,1.0,0.0,0.0,0.0,0.0,1.0,0.0,0,1,0,0,0,1,0,0,0,0,0,0,1,0,1,0,0,0,1,0,0,0
1.0,0.0,0.0,1.0,0.0,0.0,0.0,0.0,1.0,0.0,1,0,0,0,0,1,0,0,0,1,0,0,0,0,0,1,0,0,1,0,0,0
1.0,0.0,0.0,0.0,1.0,0.0,0.0,0.0,0.0,1.0,0,0,1,0,0,0,1,0,0,0,0,0,1,0,0,1,0,0,1,0,0,0
1.0,1.0,0.0,0.0,0.0,1.0,0.0,1.0,0.0,0.0,0,1,0,0,0,1,0,0,0,1,0,0,0,0,0,0,1,0,1,0,0,0
1.0,0.0,0.0,1.0,0.0,0.0,0.0,0.0,1.0,0.0,0,1,0,0,0,1,0,0,0,0,0,1,0,0,0,0,1,0,0,1,0,0
0.0,0.0,0.0,0.0,0.0,1.0,0.0,0.0,0.0,1.0,0,0,1,0,0,1,0,0,0,0,0,0,0,1,1,0,0,0,0,1,0,0
1.0,1.0,0.0,1.0,0.0,0.0,0.0,0.0,1.0,0.0,1,0,0,0,0,0,0,0,1,0,0,1,0,0,0,0,0,1,0,1,0,0
1.0,0.0,0.0,0.0,0.0,1.0,0.0,0.0,1.0,0.0,1,0,0,0,0,1,0,0,0,0,1,0,0,0,0,0,1,0,1,0,0,0
1.0,0.0,0.0,1.0,0.0,0.0,0.0,0.0,1.0,0.0,0,0,1,0,1,0,0,0,0,0,0,1,0,0,0,0,0,1,0,1,0,0
0.0,0.0,0.0,0.0,1.0,0.0,0.0,0.0,1.0,0.0,1,0,0,0,0,1,0,0,0,0,1,0,0,0,0,1,0,0,0,1,0,0
1.0,0.0,0.0,0.0,1.0,0.0,0.0,0.0,1.0,0.0,1,0,0,0,0,1,0,0,0,0,0,1,0,0,0,0,0,1,0,1,0,0
1.0,0.0,0.0,0.0,1.0,0.0,0.0,0.0,1.0,0.0,0,0,1,0,1,0,0,0,0,0,0,0,0,1,0,0,0,1,1,0,0,0
0.0,0.0,0.0,0.0,0.0,1.0,0.0,0.0,1.0,0.0,0,0,1,0,0,1,0,0,0,0,1,0,0,0,1,0,0,0,1,0,0,0
1.0,0.0,0.0,1.0,0.0,0.0,0.0,0.0,1.0,0.0,1,0,0,0,1,0,0,0,0,0,0,0,1,0,0,0,0,1,0,1,0,0
1.0,0.0,0.0,0.0,0.0,1.0,0.0,0.0,1.0,0.0,0,1,0,0,0,1,0,0,0,0,1,0,0,0,0,0,0,1,1,0,0,0
1.0,0.0,0.0,0.0,0.0,1.0,0.0,0.0,1.0,0.0,1,0,0,0,0,0,0,1,0,0,0,0,0,1,0,0,1,0,1,0,0,0
0.0,0.0,0.0,1.0,0.0,0.0,0.0,0.0,1.0,0.0,0,0,0,1,0,0,0,1,0,0,0,0,1,0,0,0,0,1,0,0,1,0
1.0,1.0,0.0,0.0,0.0,1.0,0.0,0.0,1.0,0.0,0,0,1,0,0,1,0,0,0,0,0,0,0,1,0,0,0,1,1,0,0,0
1.0,0.0,0.0,1.0,0.0,0.0,0.0,0.0,1.0,0.0,1,0,0,0,0,1,0,0,0,0,0,0,1,0,0,0,1,0,0,1,0,0
0.0,0.0,0.0,1.0,0.0,0.0,0.0,0.0,1.0,0.0,1,0,0,0,0,1,0,0,0,1,0,0,0,0,0,0,0,1,0,1,0,0
1.0,0.0,0.0,0.0,0.0,1.0,0.0,0.0,0.0,1.0,1,0,0,0,0,0,0,1,0,0,0,1,0,0,0,0,1,0,1,0,0,0
0.0,1.0,0.0,0.0,0.0,1.0,0.0,0.0,1.0,0.0,0,1,0,0,1,0,0,0,0,0,0,1,0,0,0,0,0,1,1,0,0,0
1.0,0.0,0.0,1.0,0.0,0.0,0.0,0.0,1.0,0.0,1,0,0,0,0,1,0,0,0,0,0,0,0,1,0,1,0,0,0,1,0,0
0.0,0.0,0.0,0.0,0.0,1.0,0.0,0.0,1.0,0.0,0,1,0,0,0,1,0,0,0,0,1,0,0,0,0,0,0,1,1,0,0,0
1.0,1.0,0.0,0.0,1.0,0.0,0.0,0.0,0.0,1.0,0,1,0,0,1,0,0,0,0,0,0,1,0,0,1,0,0,0,0,1,0,0
1.0,1.0,0.0,0.0,0.0,1.0,0.0,0.0,1.0,0.0,1,0,0,0,0,0,0,1,0,0,0,0,1,0,1,0,0,0,1,0,0,0
0.0,1.0,0.0,0.0,0.0,1.0,0.0,0.0,1.0,0.0,0,0,1,0,1,0,0,0,0,0,0,1,0,0,0,0,0,1,1,0,0,0
1.0,1.0,0.0,0.0,0.0,1.0,0.0,0.0,0.0,1.0,1,0,0,0,0,0,0,0,1,0,0,0,1,0,0,1,0,0,1,0,0,0
1.0,0.0,0.0,0.0,0.0,1.0,0.0,0.0,1.0,0.0,0,0,1,0,1,0,0,0,0,0,0,1,0,0,0,0,0,1,1,0,0,0
1.0,0.0,0.0,1.0,0.0,0.0,0.0,0.0,1.0,0.0,0,0,1,0,0,1,0,0,0,0,0,0,1,0,0,1,0,0,0,1,0,0
1.0,0.0,0.0,0.0,1.0,0.0,0.0,0.0,1.0,0.0,1,0,0,0,0,0,1,0,0,0,0,0,1,0,0,0,0,1,0,1,0,0
0.0,1.0,0.0,0.0,0.0,1.0,0.0,0.0,1.0,0.0,0,0,1,0,1,0,0,0,0,0,0,0,0,1,1,0,0,0,1,0,0,0
1.0,0.0,0.0,0.0,0.0,1.0,0.0,0.0,0.0,1.0,0,0,1,0,0,1,0,0,0,0,0,1,0,0,1,0,0,0,1,0,0,0
1.0,0.0,0.0,1.0,0.0,0.0,0.0,0.0,1.0,0.0,1,0,0,0,0,1,0,0,0,0,0,0,0,1,0,0,0,1,0,1,0,0
1.0,0.0,0.0,1.0,0.0,0.0,0.0,0.0,1.0,0.0,1,0,0,0,0,0,0,0,1,0,0,1,0,0,0,0,0,1,0,1,0,0
1.0,0.0,0.0,0.0,0.0,1.0,0.0,0.0,1.0,0.0,1,0,0,0,0,1,0,0,0,0,0,0,0,1,1,0,0,0,1,0,0,0
0.0,1.0,0.0,1.0,0.0,0.0,0.0,1.0,0.0,0.0,0,1,0,0,0,1,0,0,0,1,0,0,0,0,0,1,0,0,0,0,1,0
1.0,0.0,0.0,0.0,0.0,1.0,0.0,0.0,1.0,0.0,1,0,0,0,0,1,0,0,0,0,0,0,1,0,1,0,0,0,1,0,0,0
0.0,0.0,0.0,0.0,0.0,1.0,0.0,0.0,1.0,0.0,0,0,1,0,0,1,0,0,0,0,0,1,0,0,0,1,0,0,0,1,0,0
1.0,0.0,0.0,1.0,0.0,0.0,0.0,1.0,0.0,0.0,0,1,0,0,0,1,0,0,0,1,0,0,0,0,0,0,0,1,0,0,1,0
1.0,0.0,0.0,1.0,0.0,0.0,0.0,0.0,1.0,0.0,1,0,0,0,0,1,0,0,0,0,0,1,0,0,0,0,0,1,0,1,0,0
1.0,0.0,0.0,0.0,0.0,1.0,0.0,0.0,1.0,0.0,0,1,0,0,0,1,0,0,0,0,0,1,0,0,0,0,1,0,1,0,0,0
0.0,0.0,0.0,0.0,0.0,1.0,0.0,0.0,1.0,0.0,0,0,1,0,1,0,0,0,0,0,0,1,0,0,0,1,0,0,1,0,0,0
1.0,0.0,0.0,0.0,0.0,1.0,0.0,0.0,0.0,1.0,1,0,0,0,0,0,0,1,0,0,0,0,1,0,0,1,0,0,1,0,0,0
1.0,1.0,0.0,1.0,0.0,0.0,0.0,0.0,1.0,0.0,1,0,0,0,0,0,0,0,1,0,0,0,0,1,0,0,0,1,0,1,0,0
1.0,0.0,0.0,1.0,0.0,0.0,0.0,0.0,1.0,0.0,0,1,0,0,0,1,0,0,0,1,0,0,0,0,0,0,0,1,0,1,0,0
0.0,1.0,1.0,0.0,0.0,0.0,0.0,0.0,1.0,0.0,0,0,0,1,0,1,0,0,0,0,1,0,0,0,0,0,0,1,1,0,0,0
1.0,0.0,0.0,0.0,0.0,1.0,0.0,0.0,1.0,0.0,1,0,0,0,0,1,0,0,0,0,0,0,0,1,0,0,0,1,1,0,0,0
1.0,1.0,0.0,0.0,0.0,1.0,0.0,0.0,1.0,0.0,0,1,0,0,0,1,0,0,0,0,0,1,0,0,0,1,0,0,1,0,0,0
1.0,0.0,0.0,0.0,1.0,0.0,0.0,0.0,1.0,0.0,0,0,1,0,0,1,0,0,0,0,0,1,0,0,0,1,0,0,0,1,0,0
0.0,0.0,0.0,0.0,0.0,1.0,0.0,0.0,1.0,0.0,1,0,0,0,0,1,0,0,0,0,0,0,0,1,0,0,0,1,1,0,0,0
0.0,1.0,0.0,1.0,0.0,0.0,0.0,0.0,1.0,0.0,0,0,1,0,0,1,0,0,0,0,0,1,0,0,0,1,0,0,1,0,0,0
1.0,1.0,0.0,1.0,0.0,0.0,0.0,0.0,0.0,1.0,1,0,0,0,1,0,0,0,0,0,0,0,0,1,0,0,0,1,0,1,0,0
0.0,1.0,0.0,0.0,0.0,1.0,0.0,0.0,1.0,0.0,0,1,0,0,0,1,0,0,0,0,1,0,0,0,0,0,0,1,1,0,0,0
1.0,0.0,0.0,0.0,0.0,1.0,0.0,0.0,1.0,0.0,0,0,1,0,0,1,0,0,0,0,0,1,0,0,0,1,0,0,1,0,0,0
1.0,1.0,0.0,0.0,0.0,1.0,0.0,0.0,1.0,0.0,0,0,0,1,1,0,0,0,0,0,0,0,0,1,0,0,1,0,1,0,0,0
0.0,0.0,0.0,0.0,1.0,0.0,0.0,0.0,1.0,0.0,0,0,1,0,0,0,0,0,1,0,0,1,0,0,0,0,1,0,0,1,0,0
1.0,0.0,0.0,1.0,0.0,0.0,0.0,0.0,1.0,0.0,1,0,0,0,1,0,0,0,0,0,0,1,0,0,0,0,0,1,1,0,0,0
1.0,1.0,0.0,0.0,0.0,1.0,0.0,0.0,1.0,0.0,1,0,0,0,0,1,0,0,0,0,0,1,0,0,0,0,1,0,1,0,0,0
1.0,0.0,0.0,0.0,0.0,0.0,1.0,0.0,1.0,0.0,1,0,0,0,0,1,0,0,0,0,0,0,0,1,0,1,0,0,0,1,0,0
1.0,0.0,0.0,0.0,0.0,1.0,0.0,0.0,1.0,0.0,1,0,0,0,0,1,0,0,0,0,0,0,0,1,0,0,0,1,1,0,0,0
0.0,0.0,0.0,0.0,0.0,1.0,0.0,0.0,1.0,0.0,0,1,0,0,0,1,0,0,0,0,0,0,1,0,0,1,0,0,1,0,0,0
1.0,1.0,0.0,0.0,0.0,1.0,0.0,0.0,1.0,0.0,1,0,0,0,0,1,0,0,0,0,1,0,0,0,0,0,0,1,1,0,0,0
1.0,0.0,0.0,1.0,0.0,0.0,0.0,0.0,0.0,1.0,0,1,0,0,0,1,0,0,0,0,0,1,0,0,0,1,0,0,0,1,0,0
0.0,0.0,0.0,0.0,0.0,1.0,0.0,1.0,0.0,0.0,0,1,0,0,0,1,0,0,0,0,0,0,0,1,0,0,1,0,1,0,0,0
1.0,1.0,0.0,0.0,0.0,1.0,0.0,0.0,1.0,0.0,0,1,0,0,0,1,0,0,0,0,1,0,0,0,0,0,0,1,1,0,0,0
1.0,0.0,0.0,0.0,0.0,1.0,0.0,0.0,1.0,0.0,1,0,0,0,0,1,0,0,0,0,1,0,0,0,0,0,1,0,1,0,0,0
1.0,0.0,0.0,0.0,0.0,1.0,0.0,0.0,1.0,0.0,0,1,0,0,0,1,0,0,0,0,0,1,0,0,1,0,0,0,1,0,0,0
1.0,0.0,0.0,0.0,0.0,1.0,0.0,0.0,1.0,0.0,0,1,0,0,0,1,0,0,0,0,1,0,0,0,0,1,0,0,1,0,0,0
1.0,1.0,0.0,0.0,0.0,1.0,0.0,0.0,0.0,1.0,0,0,1,0,0,1,0,0,0,0,1,0,0,0,0,0,1,0,1,0,0,0
1.0,0.0,0.0,0.0,0.0,1.0,0.0,0.0,1.0,0.0,0,0,1,0,1,0,0,0,0,0,0,0,0,1,0,0,0,1,0,1,0,0
1.0,0.0,0.0,0.0,0.0,1.0,0.0,0.0,1.0,0.0,1,0,0,0,0,1,0,0,0,0,0,0,1,0,0,0,0,1,0,1,0,0
1.0,0.0,0.0,0.0,0.0,1.0,0.0,0.0,1.0,0.0,0,1,0,0,0,1,0,0,0,0,0,1,0,0,0,0,1,0,1,0,0,0
0.0,1.0,0.0,0.0,1.0,0.0,0.0,0.0,0.0,1.0,0,1,0,0,0,1,0,0,0,0,1,0,0,0,0,0,0,1,1,0,0,0
1.0,0.0,0.0,0.0,1.0,0.0,0.0,0.0,1.0,0.0,1,0,0,0,1,0,0,0,0,0,0,0,0,1,0,0,1,0,0,1,0,0
1.0,1.0,0.0,0.0,1.0,0.0,0.0,0.0,1.0,0.0,1,0,0,0,0,1,0,0,0,0,0,1,0,0,0,1,0,0,0,1,0,0
1.0,0.0,0.0,0.0,1.0,0.0,0.0,0.0,1.0,0.0,1,0,0,0,0,1,0,0,0,0,0,0,1,0,0,0,1,0,0,1,0,0
0.0,0.0,0.0,0.0,0.0,1.0,0.0,0.0,0.0,1.0,0,0,1,0,0,0,1,0,0,0,1,0,0,0,0,0,1,0,1,0,0,0
0.0,1.0,0.0,0.0,0.0,1.0,0.0,0.0,1.0,0.0,0,1,0,0,0,1,0,0,0,0,1,0,0,0,0,0,0,1,1,0,0,0
0.0,0.0,0.0,0.0,0.0,1.0,0.0,0.0,1.0,0.0,0,1,0,0,0,1,0,0,0,0,0,1,0,0,0,0,0,1,1,0,0,0
1.0,0.0,0.0,0.0,0.0,1.0,0.0,0.0,1.0,0.0,1,0,0,0,1,0,0,0,0,1,0,0,0,0,0,0,0,1,1,0,0,0
0.0,0.0,0.0,1.0,0.0,0.0,0.0,0.0,1.0,0.0,0,0,1,0,0,1,0,0,0,0,0,1,0,0,0,0,0,1,1,0,0,0
0.0,1.0,0.0,0.0,0.0,0.0,1.0,0.0,0.0,1.0,0,1,0,0,0,1,0,0,0,0,1,0,0,0,1,0,0,0,1,0,0,0
1.0,0.0,0.0,0.0,0.0,1.0,0.0,0.0,1.0,0.0,1,0,0,0,0,0,0,1,0,0,0,1,0,0,0,0,0,1,1,0,0,0
1.0,0.0,0.0,0.0,0.0,1.0,0.0,0.0,1.0,0.0,0,0,0,1,0,1,0,0,0,0,0,0,1,0,0,0,0,1,1,0,0,0
1.0,0.0,0.0,0.0,0.0,1.0,0.0,0.0,1.0,0.0,0,0,1,0,0,0,1,0,0,0,0,0,1,0,0,0,1,0,1,0,0,0
1.0,0.0,0.0,1.0,0.0,0.0,0.0,0.0,1.0,0.0,0,1,0,0,0,1,0,0,0,0,0,0,0,1,0,0,0,1,0,1,0,0
1.0,1.0,0.0,1.0,0.0,0.0,0.0,0.0,1.0,0.0,0,0,1,0,0,1,0,0,0,0,0,1,0,0,1,0,0,0,1,0,0,0
1.0,0.0,0.0,0.0,0.0,1.0,0.0,0.0,1.0,0.0,0,0,1,0,0,1,0,0,0,0,1,0,0,0,0,0,0,1,1,0,0,0
1.0,1.0,0.0,0.0,0.0,1.0,0.0,0.0,0.0,1.0,0,1,0,0,0,0,0,0,1,0,0,0,0,1,0,0,0,1,0,1,0,0
1.0,1.0,0.0,0.0,1.0,0.0,0.0,0.0,1.0,0.0,1,0,0,0,0,0,0,0,1,0,0,0,1,0,0,0,1,0,0,1,0,0
1.0,0.0,0.0,1.0,0.0,0.0,0.0,0.0,1.0,0.0,1,0,0,0,0,0,0,1,0,0,0,1,0,0,0,0,0,1,1,0,0,0
0.0,0.0,0.0,0.0,1.0,0.0,0.0,0.0,1.0,0.0,0,0,1,0,0,1,0,0,0,1,0,0,0,0,0,0,0,1,1,0,0,0
1.0,0.0,0.0,0.0,0.0,1.0,0.0,0.0,1.0,0.0,1,0,0,0,0,1,0,0,0,0,0,1,0,0,0,1,0,0,1,0,0,0
1.0,1.0,0.0,0.0,0.0,1.0,0.0,1.0,0.0,0.0,1,0,0,0,0,1,0,0,0,0,0,0,0,1,0,0,0,1,1,0,0,0
1.0,0.0,0.0,0.0,0.0,1.0,0.0,0.0,0.0,1.0,1,0,0,0,0,0,1,0,0,0,0,1,0,0,0,0,1,0,1,0,0,0
1.0,0.0,0.0,0.0,0.0,1.0,0.0,0.0,0.0,1.0,1,0,0,0,0,1,0,0,0,0,0,1,0,0,0,1,0,0,1,0,0,0
1.0,0.0,0.0,1.0,0.0,0.0,0.0,0.0,1.0,0.0,1,0,0,0,0,1,0,0,0,0,0,0,0,1,0,1,0,0,0,1,0,0
0.0,1.0,0.0,0.0,0.0,0.0,1.0,1.0,0.0,0.0,0,0,1,0,0,1,0,0,0,0,0,0,0,1,0,1,0,0,0,1,0,0
1.0,1.0,0.0,1.0,0.0,0.0,0.0,0.0,1.0,0.0,1,0,0,0,0,0,1,0,0,0,0,1,0,0,1,0,0,0,0,1,0,0
1.0,0.0,0.0,0.0,0.0,1.0,0.0,0.0,1.0,0.0,0,0,1,0,1,0,0,0,0,0,0,0,0,1,0,0,0,1,1,0,0,0
1.0,0.0,0.0,1.0,0.0,0.0,0.0,0.0,0.0,1.0,0,1,0,0,0,1,0,0,0,0,0,1,0,0,0,0,1,0,0,1,0,0
0.0,0.0,0.0,0.0,0.0,1.0,0.0,0.0,1.0,0.0,0,1,0,0,1,0,0,0,0,0,0,1,0,0,0,1,0,0,1,0,0,0
0.0,0.0,0.0,0.0,0.0,1.0,0.0,0.0,0.0,1.0,0,0,1,0,0,0,1,0,0,0,1,0,0,0,0,0,0,1,1,0,0,0
1.0,0.0,0.0,1.0,0.0,0.0,0.0,0.0,1.0,0.0,1,0,0,0,0,1,0,0,0,0,0,0,1,0,0,0,0,1,0,1,0,0
1.0,0.0,0.0,0.0,0.0,1.0,0.0,0.0,1.0,0.0,0,0,1,0,0,1,0,0,0,0,0,0,0,1,0,0,0,1,1,0,0,0
1.0,0.0,0.0,1.0,0.0,0.0,0.0,0.0,1.0,0.0,0,0,0,1,0,0,1,0,0,0,0,0,0,1,0,1,0,0,0,1,0,0
0.0,1.0,0.0,0.0,0.0,1.0,0.0,0.0,1.0,0.0,0,1,0,0,0,1,0,0,0,0,1,0,0,0,0,0,0,1,1,0,0,0
1.0,0.0,0.0,0.0,0.0,1.0,0.0,1.0,0.0,0.0,0,1,0,0,0,1,0,0,0,0,0,0,0,1,0,1,0,0,1,0,0,0
1.0,0.0,0.0,0.0,0.0,1.0,0.0,0.0,1.0,0.0,0,0,0,1,0,0,1,0,0,0,0,0,0,1,0,1,0,0,1,0,0,0
0.0,0.0,0.0,1.0,0.0,0.0,0.0,0.0,1.0,0.0,0,0,1,0,0,0,1,0,0,0,1,0,0,0,0,0,0,1,0,1,0,0
0.0,1.0,0.0,0.0,0.0,1.0,0.0,0.0,0.0,1.0,0,1,0,0,0,1,0,0,0,0,1,0,0,0,0,0,0,1,1,0,0,0
0.0,0.0,0.0,0.0,0.0,1.0,0.0,0.0,1.0,0.0,1,0,0,0,1,0,0,0,0,0,0,1,0,0,0,0,0,1,1,0,0,0
1.0,0.0,0.0,1.0,0.0,0.0,0.0,0.0,1.0,0.0,0,0,0,1,0,0,0,1,0,0,0,1,0,0,0,1,0,0,1,0,0,0
0.0,0.0,1.0,0.0,0.0,0.0,0.0,0.0,1.0,0.0,0,0,1,0,0,0,1,0,0,1,0,0,0,0,1,0,0,0,1,0,0,0
1.0,0.0,0.0,0.0,0.0,1.0,0.0,0.0,1.0,0.0,1,0,0,0,0,1,0,0,0,0,0,1,0,0,0,0,0,1,1,0,0,0
1.0,0.0,0.0,0.0,0.0,1.0,0.0,0.0,1.0,0.0,1,0,0,0,0,0,1,0,0,0,0,0,0,1,0,0,0,1,1,0,0,0
0.0,0.0,0.0,0.0,0.0,1.0,0.0,0.0,1.0,0.0,0,1,0,0,0,1,0,0,0,0,0,0,1,0,0,0,0,1,1,0,0,0
1.0,0.0,0.0,0.0,0.0,1.0,0.0,1.0,0.0,0.0,1,0,0,0,0,1,0,0,0,0,0,1,0,0,0,1,0,0,1,0,0,0
1.0,0.0,0.0,0.0,0.0,1.0,0.0,0.0,0.0,1.0,0,0,0,1,0,1,0,0,0,0,0,0,1,0,0,1,0,0,1,0,0,0
1.0,0.0,0.0,0.0,1.0,0.0,0.0,0.0,0.0,1.0,0,0,1,0,0,1,0,0,0,0,0,1,0,0,0,0,0,1,0,1,0,0
1.0,0.0,0.0,0.0,0.0,1.0,0.0,0.0,1.0,0.0,1,0,0,0,1,0,0,0,0,0,1,0,0,0,0,0,0,1,1,0,0,0
1.0,1.0,0.0,1.0,0.0,0.0,0.0,0.0,1.0,0.0,0,1,0,0,0,1,0,0,0,0,0,0,1,0,0,0,0,1,0,1,0,0
1.0,0.0,0.0,1.0,0.0,0.0,0.0,0.0,1.0,0.0,0,1,0,0,0,1,0,0,0,0,1,0,0,0,0,1,0,0,1,0,0,0
0.0,1.0,0.0,1.0,0.0,0.0,0.0,0.0,0.0,1.0,1,0,0,0,0,1,0,0,0,0,1,0,0,0,0,1,0,0,0,1,0,0
1.0,0.0,0.0,0.0,0.0,1.0,0.0,0.0,1.0,0.0,0,1,0,0,0,0,1,0,0,0,0,0,0,1,0,0,1,0,1,0,0,0
1.0,0.0,0.0,1.0,0.0,0.0,0.0,1.0,0.0,0.0,1,0,0,0,1,0,0,0,0,0,0,0,0,1,0,0,0,1,0,1,0,0
1.0,0.0,0.0,1.0,0.0,0.0,0.0,1.0,0.0,0.0,1,0,0,0,0,1,0,0,0,0,0,0,0,1,0,0,1,0,0,1,0,0
0.0,1.0,0.0,0.0,0.0,1.0,0.0,0.0,1.0,0.0,0,1,0,0,0,1,0,0,0,0,0,1,0,0,0,1,0,0,1,0,0,0
0.0,0.0,0.0,0.0,0.0,0.0,1.0,1.0,0.0,0.0,0,1,0,0,0,1,0,0,0,0,0,1,0,0,0,0,1,0,0,1,0,0
1.0,1.0,0.0,0.0,0.0,1.0,0.0,0.0,1.0,0.0,1,0,0,0,0,0,1,0,0,0,0,0,1,0,0,0,1,0,1,0,0,0
1.0,1.0,0.0,0.0,0.0,1.0,0.0,0.0,1.0,0.0,0,0,1,0,0,1,0,0,0,0,0,1,0,0,0,0,0,1,1,0,0,0
1.0,0.0,0.0,0.0,0.0,1.0,0.0,0.0,1.0,0.0,0,0,1,0,0,1,0,0,0,0,1,0,0,0,0,1,0,0,0,1,0,0
1.0,1.0,0.0,1.0,0.0,0.0,0.0,0.0,1.0,0.0,1,0,0,0,0,0,1,0,0,0,0,1,0,0,0,0,0,1,1,0,0,0
1.0,0.0,0.0,1.0,0.0,0.0,0.0,0.0,1.0,0.0,1,0,0,0,0,1,0,0,0,0,0,0,1,0,0,1,0,0,0,1,0,0
0.0,0.0,0.0,0.0,0.0,1.0,0.0,0.0,0.0,1.0,0,1,0,0,0,1,0,0,0,0,0,1,0,0,0,0,0,1,1,0,0,0
1.0,0.0,0.0,0.0,0.0,1.0,0.0,0.0,1.0,0.0,0,1,0,0,0,1,0,0,0,0,1,0,0,0,0,0,1,0,1,0,0,0
1.0,0.0,0.0,0.0,0.0,1.0,0.0,0.0,1.0,0.0,0,0,1,0,0,1,0,0,0,0,0,0,1,0,0,0,1,0,0,1,0,0
0.0,1.0,0.0,0.0,0.0,1.0,0.0,0.0,0.0,1.0,0,0,1,0,0,0,1,0,0,0,0,1,0,0,0,1,0,0,0,1,0,0
1.0,0.0,0.0,0.0,1.0,0.0,0.0,0.0,0.0,1.0,1,0,0,0,0,1,0,0,0,0,0,1,0,0,0,0,0,1,1,0,0,0
1.0,0.0,0.0,0.0,0.0,1.0,0.0,0.0,1.0,0.0,1,0,0,0,0,0,1,0,0,0,0,0,1,0,0,0,0,1,1,0,0,0
1.0,0.0,0.0,0.0,0.0,1.0,0.0,0.0,1.0,0.0,1,0,0,0,1,0,0,0,0,0,1,0,0,0,0,0,0,1,0,1,0,0
0.0,0.0,0.0,1.0,0.0,0.0,0.0,0.0,0.0,1.0,0,0,0,1,0,1,0,0,0,0,1,0,0,0,0,1,0,0,1,0,0,0
1.0,1.0,0.0,0.0,0.0,1.0,0.0,0.0,1.0,0.0,0,1,0,0,1,0,0,0,0,1,0,0,0,0,0,0,0,1,1,0,0,0
1.0,1.0,0.0,1.0,0.0,0.0,0.0,0.0,1.0,0.0,0,0,1,0,0,1,0,0,0,0,0,0,0,1,0,0,1,0,1,0,0,0
0.0,0.0,0.0,0.0,0.0,1.0,0.0,1.0,0.0,0.0,0,1,0,0,0,1,0,0,0,0,0,0,0,1,0,0,0,1,1,0,0,0
1.0,1.0,0.0,0.0,0.0,1.0,0.0,0.0,1.0,0.0,0,0,0,1,0,1,0,0,0,0,1,0,0,0,1,0,0,0,1,0,0,0
0.0,0.0,0.0,0.0,0.0,1.0,0.0,0.0,0.0,1.0,0,0,1,0,0,1,0,0,0,0,1,0,0,0,1,0,0,0,1,0,0,0
1.0,0.0,0.0,0.0,1.0,0.0,0.0,1.0,0.0,0.0,1,0,0,0,0,1,0,0,0,0,0,0,0,1,0,0,0,1,0,1,0,0
0.0,0.0,0.0,0.0,0.0,1.0,0.0,0.0,1.0,0.0,0,1,0,0,1,0,0,0,0,0,0,0,0,1,0,0,0,1,1,0,0,0
0.0,0.0,0.0,0.0,0.0,1.0,0.0,0.0,1.0,0.0,0,0,0,1,0,1,0,0,0,0,0,1,0,0,0,1,0,0,1,0,0,0
1.0,0.0,0.0,1.0,0.0,0.0,0.0,0.0,1.0,0.0,1,0,0,0,0,1,0,0,0,0,0,0,0,1,0,0,0,1,0,1,0,0
0.0,0.0,0.0,0.0,1.0,0.0,0.0,1.0,0.0,0.0,0,1,0,0,0,1,0,0,0,1,0,0,0,0,0,0,0,1,0,1,0,0
1.0,1.0,0.0,1.0,0.0,0.0,0.0,0.0,1.0,0.0,1,0,0,0,0,1,0,0,0,0,0,1,0,0,0,0,0,1,1,0,0,0
1.0,0.0,0.0,0.0,0.0,1.0,0.0,0.0,1.0,0.0,1,0,0,0,0,1,0,0,0,0,0,0,1,0,0,0,1,0,1,0,0,0
0.0,1.0,1.0,0.0,0.0,0.0,0.0,0.0,1.0,0.0,0,1,0,0,0,1,0,0,0,0,0,1,0,0,0,0,0,1,1,0,0,0
1.0,0.0,0.0,1.0,0.0,0.0,0.0,1.0,0.0,0.0,1,0,0,0,1,0,0,0,0,0,0,0,1,0,0,1,0,0,0,1,0,0
1.0,1.0,0.0,1.0,0.0,0.0,0.0,0.0,1.0,0.0,1,0,0,0,1,0,0,0,0,0,0,0,1,0,0,0,0,1,0,1,0,0
1.0,0.0,1.0,0.0,0.0,0.0,0.0,0.0,1.0,0.0,1,0,0,0,0,0,0,1,0,0,0,0,0,1,0,1,0,0,1,0,0,0
0.0,0.0,0.0,0.0,0.0,1.0,0.0,0.0,1.0,0.0,0,1,0,0,0,1,0,0,0,0,0,0,1,0,1,0,0,0,0,1,0,0
1.0,0.0,0.0,1.0,0.0,0.0,0.0,0.0,1.0,0.0,0,0,1,0,0,0,1,0,0,0,1,0,0,0,0,0,0,1,1,0,0,0
1.0,1.0,0.0,0.0,0.0,1.0,0.0,0.0,1.0,0.0,0,0,1,0,0,1,0,0,0,0,0,0,1,0,0,0,0,1,0,1,0,0
0.0,0.0,0.0,0.0,0.0,1.0,0.0,0.0,1.0,0.0,0,0,1,0,0,1,0,0,0,0,1,0,0,0,0,1,0,0,1,0,0,0
0.0,1.0,0.0,0.0,0.0,0.0,1.0,0.0,1.0,0.0,0,0,1,0,0,0,1,0,0,0,1,0,0,0,0,0,1,0,0,1,0,0
0.0,1.0,0.0,0.0,0.0,0.0,1.0,0.0,1.0,0.0,1,0,0,0,1,0,0,0,0,0,0,1,0,0,1,0,0,0,0,1,0,0
0.0,0.0,1.0,0.0,0.0,0.0,0.0,0.0,1.0,0.0,0,1,0,0,0,1,0,0,0,0,0,0,1,0,0,0,1,0,1,0,0,0
0.0,0.0,0.0,1.0,0.0,0.0,0.0,0.0,1.0,0.0,0,0,1,0,0,1,0,0,0,0,1,0,0,0,0,1,0,0,0,1,0,0
1.0,0.0,0.0,0.0,0.0,1.0,0.0,1.0,0.0,0.0,0,1,0,0,1,0,0,0,0,0,0,0,0,1,0,0,0,1,1,0,0,0
0.0,0.0,1.0,0.0,0.0,0.0,0.0,0.0,0.0,1.0,0,1,0,0,0,1,0,0,0,0,0,0,1,0,0,0,0,1,1,0,0,0
1.0,1.0,0.0,0.0,1.0,0.0,0.0,0.0,1.0,0.0,0,0,0,1,0,1,0,0,0,0,1,0,0,0,0,1,0,0,1,0,0,0
0.0,0.0,0.0,0.0,0.0,1.0,0.0,1.0,0.0,0.0,0,0,1,0,1,0,0,0,0,0,0,1,0,0,1,0,0,0,1,0,0,0
1.0,0.0,0.0,0.0,1.0,0.0,0.0,0.0,1.0,0.0,0,0,1,0,1,0,0,0,0,0,0,1,0,0,0,0,0,1,0,1,0,0
1.0,1.0,0.0,0.0,1.0,0.0,0.0,0.0,0.0,1.0,0,0,1,0,0,0,1,0,0,0,0,0,1,0,0,0,1,0,0,1,0,0
0.0,0.0,0.0,0.0,0.0,1.0,0.0,0.0,1.0,0.0,0,1,0,0,0,1,0,0,0,0,0,0,1,0,0,1,0,0,1,0,0,0
1.0,0.0,0.0,1.0,0.0,0.0,0.0,0.0,1.0,0.0,1,0,0,0,0,0,0,0,1,0,0,0,0,1,0,1,0,0,1,0,0,0
1.0,0.0,0.0,0.0,0.0,1.0,0.0,0.0,1.0,0.0,0,0,1,0,1,0,0,0,0,0,0,0,1,0,0,0,0,1,0,1,0,0
0.0,1.0,0.0,0.0,0.0,1.0,0.0,0.0,1.0,0.0,0,1,0,0,0,1,0,0,0,0,0,1,0,0,0,0,1,0,1,0,0,0
0.0,1.0,0.0,0.0,0.0,1.0,0.0,0.0,0.0,1.0,0,1,0,0,0,1,0,0,0,0,1,0,0,0,0,0,0,1,1,0,0,0
1.0,0.0,0.0,1.0,0.0,0.0,0.0,0.0,1.0,0.0,1,0,0,0,0,1,0,0,0,0,0,0,1,0,0,0,1,0,1,0,0,0
1.0,1.0,0.0,0.0,0.0,1.0,0.0,0.0,0.0,1.0,1,0,0,0,1,0,0,0,0,1,0,0,0,0,0,1,0,0,1,0,0,0
1.0,1.0,0.0,0.0,0.0,1.0,0.0,0.0,1.0,0.0,0,1,0,0,0,1,0,0,0,0,0,1,0,0,0,0,0,1,1,0,0,0
1.0,0.0,0.0,0.0,0.0,1.0,0.0,0.0,1.0,0.0,0,0,1,0,0,1,0,0,0,0,0,0,0,1,0,0,0,1,0,1,0,0
1.0,1.0,0.0,1.0,0.0,0.0,0.0,0.0,1.0,0.0,1,0,0,0,0,1,0,0,0,0,0,0,1,0,0,1,0,0,0,1,0,0
1.0,1.0,0.0,0.0,0.0,1.0,0.0,0.0,1.0,0.0,0,0,1,0,0,1,0,0,0,0,0,0,1,0,0,1,0,0,1,0,0,0
1.0,1.0,0.0,1.0,0.0,0.0,0.0,0.0,1.0,0.0,1,0,0,0,1,0,0,0,0,0,0,1,0,0,0,0,1,0,0,1,0,0
0.0,0.0,0.0,1.0,0.0,0.0,0.0,0.0,1.0,0.0,0,0,1,0,0,1,0,0,0,0,1,0,0,0,0,0,0,1,0,1,0,0
1.0,0.0,0.0,0.0,0.0,1.0,0.0,0.0,1.0,0.0,1,0,0,0,0,1,0,0,0,0,1,0,0,0,0,0,0,1,0,1,0,0
0.0,0.0,0.0,1.0,0.0,0.0,0.0,0.0,1.0,0.0,0,0,1,0,0,1,0,0,0,0,0,0,0,1,0,0,1,0,0,1,0,0
1.0,0.0,0.0,1.0,0.0,0.0,0.0,0.0,1.0,0.0,0,0,1,0,0,1,0,0,0,0,1,0,0,0,1,0,0,0,0,1,0,0
1.0,1.0,0.0,0.0,0.0,1.0,0.0,0.0,0.0,1.0,1,0,0,0,0,1,0,0,0,0,0,1,0,0,0,0,0,1,1,0,0,0
0.0,0.0,0.0,0.0,0.0,1.0,0.0,0.0,0.0,1.0,0,0,1,0,0,1,0,0,0,0,1,0,0,0,0,0,0,1,1,0,0,0
1.0,1.0,0.0,0.0,0.0,1.0,0.0,1.0,0.0,0.0,1,0,0,0,1,0,0,0,0,0,0,0,0,1,0,0,0,1,1,0,0,0
0.0,1.0,0.0,0.0,0.0,1.0,0.0,0.0,0.0,1.0,0,1,0,0,0,1,0,0,0,0,0,1,0,0,1,0,0,0,1,0,0,0
1.0,0.0,0.0,1.0,0.0,0.0,0.0,0.0,0.0,1.0,0,1,0,0,0,1,0,0,0,0,0,1,0,0,0,1,0,0,0,1,0,0
1.0,0.0,0.0,0.0,0.0,1.0,0.0,0.0,1.0,0.0,0,1,0,0,0,1,0,0,0,0,0,1,0,0,0,0,0,1,1,0,0,0
0.0,0.0,0.0,0.0,0.0,1.0,0.0,0.0,1.0,0.0,0,1,0,0,0,1,0,0,0,0,0,1,0,0,0,0,0,1,1,0,0,0
0.0,0.0,0.0,1.0,0.0,0.0,0.0,0.0,1.0,0.0,0,1,0,0,0,1,0,0,0,0,0,0,0,1,0,0,1,0,0,1,0,0
1.0,1.0,0.0,1.0,0.0,0.0,0.0,0.0,1.0,0.0,0,1,0,0,0,1,0,0,0,0,0,0,1,0,0,0,0,1,0,0,0,1
1.0,1.0,0.0,0.0,1.0,0.0,0.0,0.0,0.0,1.0,0,0,1,0,1,0,0,0,0,0,0,1,0,0,0,0,0,1,0,1,0,0
1.0,1.0,0.0,0.0,0.0,1.0,0.0,0.0,1.0,0.0,1,0,0,0,0,0,0,0,1,0,0,0,0,1,0,0,0,1,1,0,0,0
0.0,1.0,0.0,0.0,0.0,1.0,0.0,0.0,0.0,1.0,0,0,1,0,0,1,0,0,0,0,0,1,0,0,0,0,1,0,1,0,0,0
0.0,0.0,1.0,0.0,0.0,0.0,0.0,0.0,1.0,0.0,0,1,0,0,1,0,0,0,0,0,0,0,0,1,0,0,0,1,1,0,0,0
0.0,1.0,1.0,0.0,0.0,0.0,0.0,0.0,1.0,0.0,0,0,1,0,0,0,1,0,0,0,1,0,0,0,1,0,0,0,1,0,0,0
0.0,1.0,0.0,0.0,0.0,1.0,0.0,0.0,0.0,1.0,0,1,0,0,0,1,0,0,0,0,0,0,1,0,0,0,0,1,0,1,0,0
0.0,0.0,0.0,0.0,0.0,0.0,1.0,0.0,1.0,0.0,0,0,1,0,0,1,0,0,0,0,0,1,0,0,1,0,0,0,0,0,1,0
0.0,0.0,0.0,1.0,0.0,0.0,0.0,0.0,1.0,0.0,1,0,0,0,0,1,0,0,0,0,0,0,1,0,0,1,0,0,0,1,0,0
1.0,0.0,0.0,0.0,1.0,0.0,0.0,1.0,0.0,0.0,1,0,0,0,0,1,0,0,0,0,0,1,0,0,1,0,0,0,1,0,0,0
1.0,1.0,0.0,0.0,0.0,1.0,0.0,0.0,1.0,0.0,0,0,1,0,0,1,0,0,0,0,1,0,0,0,1,0,0,0,1,0,0,0
0.0,1.0,0.0,0.0,0.0,1.0,0.0,0.0,1.0,0.0,0,0,1,0,0,1,0,0,0,0,0,1,0,0,0,0,0,1,1,0,0,0
0.0,1.0,1.0,0.0,0.0,0.0,0.0,1.0,0.0,0.0,0,0,1,0,0,1,0,0,0,0,0,0,1,0,0,0,0,1,1,0,0,0
0.0,1.0,0.0,0.0,0.0,1.0,0.0,0.0,1.0,0.0,1,0,0,0,0,1,0,0,0,0,0,1,0,0,0,0,0,1,1,0,0,0
1.0,1.0,0.0,0.0,0.0,1.0,0.0,0.0,1.0,0.0,0,0,0,1,0,1,0,0,0,0,1,0,0,0,0,0,0,1,1,0,0,0
1.0,0.0,1.0,0.0,0.0,0.0,0.0,0.0,1.0,0.0,0,1,0,0,0,0,0,1,0,0,0,1,0,0,0,0,0,1,1,0,0,0
1.0,0.0,0.0,1.0,0.0,0.0,0.0,0.0,1.0,0.0,1,0,0,0,0,1,0,0,0,0,0,1,0,0,0,0,1,0,1,0,0,0
0.0,1.0,0.0,0.0,0.0,1.0,0.0,1.0,0.0,0.0,0,0,1,0,0,0,1,0,0,0,0,1,0,0,0,0,0,1,1,0,0,0
1.0,0.0,0.0,0.0,0.0,1.0,0.0,0.0,1.0,0.0,1,0,0,0,0,1,0,0,0,0,1,0,0,0,0,0,0,1,1,0,0,0
1.0,0.0,0.0,0.0,0.0,1.0,0.0,1.0,0.0,0.0,1,0,0,0,1,0,0,0,0,0,0,0,0,1,0,0,0,1,1,0,0,0
0.0,1.0,0.0,0.0,0.0,1.0,0.0,0.0,1.0,0.0,0,1,0,0,0,0,1,0,0,1,0,0,0,0,0,0,0,1,1,0,0,0
0.0,1.0,0.0,0.0,0.0,1.0,0.0,1.0,0.0,0.0,0,0,0,1,0,0,1,0,0,0,0,0,0,1,1,0,0,0,1,0,0,0
1.0,1.0,0.0,0.0,0.0,1.0,0.0,0.0,1.0,0.0,0,1,0,0,0,0,0,0,1,0,1,0,0,0,0,0,0,1,1,0,0,0
1.0,1.0,1.0,0.0,0.0,0.0,0.0,0.0,0.0,1.0,0,1,0,0,0,1,0,0,0,0,0,1,0,0,1,0,0,0,1,0,0,0
0.0,1.0,0.0,0.0,1.0,0.0,0.0,0.0,1.0,0.0,1,0,0,0,0,1,0,0,0,0,0,0,1,0,0,0,0,1,1,0,0,0
1.0,0.0,0.0,0.0,0.0,0.0,1.0,0.0,1.0,0.0,0,0,1,0,1,0,0,0,0,0,0,1,0,0,0,1,0,0,1,0,0,0
1.0,0.0,0.0,0.0,1.0,0.0,0.0,1.0,0.0,0.0,0,0,1,0,1,0,0,0,0,0,0,1,0,0,0,1,0,0,1,0,0,0
1.0,0.0,0.0,1.0,0.0,0.0,0.0,0.0,0.0,1.0,0,1,0,0,0,1,0,0,0,0,0,1,0,0,1,0,0,0,0,0,1,0
0.0,1.0,0.0,0.0,0.0,1.0,0.0,0.0,0.0,1.0,0,0,1,0,0,0,1,0,0,0,0,1,0,0,0,1,0,0,1,0,0,0
1.0,0.0,0.0,0.0,0.0,1.0,0.0,0.0,1.0,0.0,1,0,0,0,0,1,0,0,0,0,0,1,0,0,0,0,0,1,1,0,0,0
1.0,0.0,0.0,1.0,0.0,0.0,0.0,0.0,1.0,0.0,0,0,1,0,0,1,0,0,0,0,0,0,1,0,0,1,0,0,0,1,0,0
0.0,0.0,0.0,1.0,0.0,0.0,0.0,0.0,1.0,0.0,1,0,0,0,0,1,0,0,0,0,0,1,0,0,0,0,1,0,0,1,0,0
0.0,0.0,0.0,0.0,0.0,1.0,0.0,0.0,1.0,0.0,1,0,0,0,1,0,0,0,0,0,0,1,0,0,0,0,0,1,1,0,0,0
1.0,1.0,0.0,0.0,0.0,1.0,0.0,0.0,0.0,1.0,0,1,0,0,0,1,0,0,0,0,1,0,0,0,0,0,0,1,1,0,0,0
0.0,0.0,0.0,0.0,0.0,1.0,0.0,1.0,0.0,0.0,0,1,0,0,0,1,0,0,0,0,0,1,0,0,0,0,0,1,0,1,0,0
1.0,0.0,0.0,0.0,0.0,1.0,0.0,0.0,1.0,0.0,1,0,0,0,1,0,0,0,0,0,0,0,0,1,0,0,0,1,1,0,0,0
1.0,0.0,0.0,0.0,0.0,1.0,0.0,0.0,1.0,0.0,0,0,0,1,0,1,0,0,0,0,0,1,0,0,0,1,0,0,1,0,0,0
0.0,0.0,1.0,0.0,0.0,0.0,0.0,0.0,1.0,0.0,0,0,1,0,0,0,1,0,0,0,0,0,1,0,0,1,0,0,1,0,0,0
1.0,0.0,0.0,1.0,0.0,0.0,0.0,0.0,1.0,0.0,1,0,0,0,0,0,0,1,0,0,0,1,0,0,0,0,0,1,0,1,0,0
1.0,0.0,0.0,0.0,0.0,1.0,0.0,0.0,1.0,0.0,1,0,0,0,1,0,0,0,0,0,0,0,0,1,1,0,0,0,1,0,0,0
1.0,1.0,0.0,0.0,0.0,1.0,0.0,0.0,1.0,0.0,0,1,0,0,0,1,0,0,0,0,0,1,0,0,0,1,0,0,1,0,0,0
0.0,0.0,1.0,0.0,0.0,0.0,0.0,0.0,1.0,0.0,0,1,0,0,0,1,0,0,0,0,0,1,0,0,0,0,0,1,1,0,0,0
1.0,0.0,0.0,0.0,0.0,1.0,0.0,0.0,1.0,0.0,0,0,1,0,1,0,0,0,0,0,1,0,0,0,0,0,0,1,1,0,0,0
0.0,1.0,0.0,0.0,0.0,1.0,0.0,0.0,0.0,1.0,1,0,0,0,0,1,0,0,0,0,1,0,0,0,0,1,0,0,0,1,0,0
0.0,1.0,0.0,0.0,0.0,1.0,0.0,0.0,1.0,0.0,0,0,1,0,0,1,0,0,0,0,1,0,0,0,0,0,1,0,1,0,0,0
1.0,0.0,0.0,0.0,0.0,1.0,0.0,0.0,1.0,0.0,1,0,0,0,0,1,0,0,0,0,0,0,0,1,0,0,0,1,0,0,1,0
1.0,1.0,0.0,0.0,0.0,1.0,0.0,0.0,1.0,0.0,1,0,0,0,0,0,0,1,0,0,0,0,1,0,0,0,0,1,1,0,0,0
1.0,0.0,0.0,0.0,1.0,0.0,0.0,0.0,1.0,0.0,1,0,0,0,0,1,0,0,0,0,0,0,1,0,0,1,0,0,0,1,0,0
1.0,1.0,0.0,0.0,0.0,1.0,0.0,0.0,1.0,0.0,1,0,0,0,0,1,0,0,0,0,1,0,0,0,0,0,0,1,1,0,0,0
0.0,0.0,0.0,0.0,1.0,0.0,0.0,0.0,1.0,0.0,0,1,0,0,0,1,0,0,0,0,0,0,1,0,0,0,1,0,0,1,0,0
0.0,1.0,0.0,0.0,0.0,1.0,0.0,0.0,1.0,0.0,0,1,0,0,0,1,0,0,0,1,0,0,0,0,0,0,0,1,1,0,0,0
1.0,0.0,0.0,0.0,0.0,1.0,0.0,0.0,1.0,0.0,0,0,1,0,0,1,0,0,0,0,0,0,0,1,0,0,0,1,0,1,0,0
0.0,0.0,0.0,0.0,0.0,1.0,0.0,0.0,1.0,0.0,1,0,0,0,0,0,1,0,0,0,0,1,0,0,0,0,1,0,1,0,0,0
1.0,0.0,0.0,1.0,0.0,0.0,0.0,0.0,1.0,0.0,1,0,0,0,0,1,0,0,0,0,0,0,1,0,0,0,0,1,0,1,0,0
1.0,0.0,0.0,1.0,0.0,0.0,0.0,0.0,1.0,0.0,0,1,0,0,0,1,0,0,0,0,0,0,1,0,0,0,0,1,0,1,0,0
0.0,0.0,0.0,0.0,1.0,0.0,0.0,0.0,0.0,1.0,1,0,0,0,1,0,0,0,0,0,1,0,0,0,0,0,0,1,0,1,0,0
1.0,0.0,0.0,0.0,0.0,0.0,1.0,0.0,1.0,0.0,0,1,0,0,0,1,0,0,0,0,0,1,0,0,0,1,0,0,0,1,0,0
0.0,1.0,0.0,0.0,0.0,1.0,0.0,0.0,1.0,0.0,1,0,0,0,0,0,0,1,0,0,0,1,0,0,0,1,0,0,1,0,0,0
0.0,0.0,0.0,0.0,0.0,1.0,0.0,1.0,0.0,0.0,0,0,0,1,0,1,0,0,0,0,0,0,1,0,0,0,0,1,1,0,0,0
0.0,0.0,0.0,0.0,0.0,1.0,0.0,0.0,0.0,1.0,0,1,0,0,0,1,0,0,0,0,0,1,0,0,0,0,0,1,1,0,0,0
1.0,0.0,0.0,0.0,0.0,1.0,0.0,1.0,0.0,0.0,0,1,0,0,0,1,0,0,0,0,0,0,1,0,0,0,0,1,1,0,0,0
0.0,0.0,0.0,0.0,0.0,1.0,0.0,0.0,1.0,0.0,0,0,1,0,0,1,0,0,0,0,0,1,0,0,0,0,0,1,1,0,0,0
0.0,0.0,0.0,0.0,0.0,1.0,0.0,0.0,1.0,0.0,0,1,0,0,0,1,0,0,0,0,0,0,0,1,0,0,0,1,1,0,0,0
0.0,0.0,0.0,0.0,1.0,0.0,0.0,0.0,1.0,0.0,0,0,1,0,0,0,1,0,0,0,0,0,0,1,0,1,0,0,0,0,0,1
1.0,0.0,0.0,1.0,0.0,0.0,0.0,0.0,1.0,0.0,1,0,0,0,0,1,0,0,0,0,0,0,1,0,0,0,0,1,0,1,0,0
1.0,0.0,0.0,0.0,0.0,1.0,0.0,1.0,0.0,0.0,0,1,0,0,0,1,0,0,0,1,0,0,0,0,1,0,0,0,1,0,0,0
0.0,0.0,0.0,0.0,0.0,1.0,0.0,0.0,1.0,0.0,0,0,1,0,0,1,0,0,0,0,0,0,0,1,0,0,0,1,1,0,0,0
1.0,0.0,0.0,0.0,0.0,1.0,0.0,0.0,1.0,0.0,1,0,0,0,1,0,0,0,0,0,0,0,1,0,0,0,0,1,1,0,0,0
1.0,1.0,0.0,0.0,0.0,0.0,1.0,0.0,1.0,0.0,0,0,1,0,0,1,0,0,0,0,0,1,0,0,0,1,0,0,0,1,0,0
1.0,0.0,0.0,1.0,0.0,0.0,0.0,0.0,1.0,0.0,0,0,1,0,0,1,0,0,0,0,0,0,0,1,0,1,0,0,1,0,0,0
1.0,0.0,0.0,0.0,0.0,1.0,0.0,0.0,0.0,1.0,0,0,0,1,0,1,0,0,0,0,0,1,0,0,0,0,1,0,1,0,0,0
0.0,0.0,0.0,0.0,0.0,1.0,0.0,0.0,1.0,0.0,0,1,0,0,1,0,0,0,0,0,0,1,0,0,0,0,0,1,1,0,0,0
1.0,0.0,0.0,0.0,0.0,1.0,0.0,0.0,1.0,0.0,1,0,0,0,0,1,0,0,0,0,0,0,0,1,0,0,0,1,0,1,0,0
1.0,0.0,0.0,0.0,1.0,0.0,0.0,0.0,1.0,0.0,0,0,1,0,0,1,0,0,0,1,0,0,0,0,0,0,0,1,0,1,0,0
1.0,1.0,0.0,1.0,0.0,0.0,0.0,0.0,1.0,0.0,0,0,0,1,0,1,0,0,0,0,0,1,0,0,0,1,0,0,1,0,0,0
1.0,0.0,0.0,1.0,0.0,0.0,0.0,0.0,1.0,0.0,1,0,0,0,0,1,0,0,0,1,0,0,0,0,0,0,0,1,0,1,0,0
1.0,0.0,1.0,0.0,0.0,0.0,0.0,0.0,1.0,0.0,0,0,1,0,0,0,0,0,1,0,0,1,0,0,0,0,0,1,1,0,0,0
1.0,1.0,1.0,0.0,0.0,0.0,0.0,0.0,1.0,0.0,1,0,0,0,0,1,0,0,0,0,0,1,0,0,1,0,0,0,1,0,0,0
0.0,0.0,0.0,1.0,0.0,0.0,0.0,0.0,0.0,1.0,0,1,0,0,0,1,0,0,0,0,0,0,0,1,0,0,1,0,0,1,0,0
1.0,0.0,0.0,1.0,0.0,0.0,0.0,0.0,1.0,0.0,0,0,0,1,0,1,0,0,0,0,0,0,0,1,0,0,0,1,1,0,0,0
1.0,0.0,0.0,1.0,0.0,0.0,0.0,0.0,1.0,0.0,1,0,0,0,0,0,1,0,0,0,0,1,0,0,0,0,1,0,0,1,0,0
1.0,0.0,0.0,0.0,0.0,1.0,0.0,0.0,1.0,0.0,1,0,0,0,0,0,1,0,0,0,0,0,1,0,0,1,0,0,0,1,0,0
1.0,0.0,0.0,0.0,0.0,1.0,0.0,0.0,1.0,0.0,1,0,0,0,0,1,0,0,0,0,0,0,0,1,0,1,0,0,1,0,0,0
1.0,0.0,0.0,1.0,0.0,0.0,0.0,0.0,1.0,0.0,1,0,0,0,0,0,0,1,0,0,0,1,0,0,1,0,0,0,1,0,0,0
0.0,0.0,0.0,0.0,1.0,0.0,0.0,0.0,1.0,0.0,1,0,0,0,0,0,0,1,0,0,1,0,0,0,0,0,0,1,1,0,0,0
1.0,1.0,0.0,1.0,0.0,0.0,0.0,0.0,0.0,1.0,1,0,0,0,0,1,0,0,0,0,0,0,1,0,0,0,0,1,1,0,0,0
1.0,0.0,0.0,1.0,0.0,0.0,0.0,0.0,1.0,0.0,1,0,0,0,0,1,0,0,0,0,0,0,0,1,0,0,0,1,1,0,0,0
0.0,0.0,0.0,0.0,0.0,1.0,0.0,0.0,1.0,0.0,0,0,1,0,0,0,1,0,0,0,0,1,0,0,0,1,0,0,1,0,0,0
1.0,0.0,0.0,0.0,0.0,1.0,0.0,0.0,0.0,1.0,0,1,0,0,0,1,0,0,0,0,0,0,0,1,0,0,0,1,1,0,0,0
1.0,1.0,0.0,0.0,0.0,1.0,0.0,0.0,1.0,0.0,1,0,0,0,0,1,0,0,0,0,1,0,0,0,0,0,1,0,1,0,0,0
1.0,1.0,0.0,0.0,0.0,1.0,0.0,0.0,1.0,0.0,1,0,0,0,0,1,0,0,0,0,1,0,0,0,1,0,0,0,1,0,0,0
1.0,0.0,0.0,0.0,0.0,1.0,0.0,1.0,0.0,0.0,1,0,0,0,1,0,0,0,0,0,0,1,0,0,0,0,0,1,1,0,0,0
1.0,0.0,0.0,0.0,1.0,0.0,0.0,0.0,1.0,0.0,1,0,0,0,0,1,0,0,0,0,0,1,0,0,0,0,0,1,0,1,0,0
1.0,0.0,0.0,1.0,0.0,0.0,0.0,1.0,0.0,0.0,1,0,0,0,0,1,0,0,0,0,1,0,0,0,0,0,1,0,0,0,1,0
1.0,0.0,0.0,0.0,1.0,0.0,0.0,0.0,1.0,0.0,0,0,1,0,0,0,1,0,0,0,0,0,1,0,1,0,0,0,0,1,0,0
1.0,0.0,0.0,0.0,0.0,1.0,0.0,1.0,0.0,0.0,1,0,0,0,1,0,0,0,0,0,0,1,0,0,0,0,0,1,1,0,0,0
1.0,0.0,0.0,1.0,0.0,0.0,0.0,0.0,1.0,0.0,0,0,0,1,1,0,0,0,0,0,0,0,1,0,0,0,0,1,0,1,0,0
1.0,0.0,0.0,0.0,1.0,0.0,0.0,1.0,0.0,0.0,0,0,1,0,0,0,1,0,0,0,0,0,0,1,0,0,0,1,1,0,0,0
1.0,0.0,0.0,0.0,0.0,1.0,0.0,0.0,1.0,0.0,1,0,0,0,0,0,1,0,0,0,0,0,0,1,0,0,1,0,1,0,0,0
1.0,0.0,0.0,0.0,0.0,1.0,0.0,0.0,1.0,0.0,0,1,0,0,0,0,0,0,1,0,0,1,0,0,1,0,0,0,1,0,0,0
1.0,0.0,0.0,1.0,0.0,0.0,0.0,0.0,1.0,0.0,0,1,0,0,0,1,0,0,0,0,0,1,0,0,0,1,0,0,0,1,0,0
1.0,1.0,0.0,0.0,0.0,1.0,0.0,0.0,1.0,0.0,0,0,1,0,0,0,1,0,0,0,0,1,0,0,0,0,1,0,1,0,0,0
1.0,0.0,0.0,0.0,0.0,1.0,0.0,0.0,1.0,0.0,0,0,1,0,0,0,1,0,0,0,1,0,0,0,0,1,0,0,1,0,0,0
1.0,0.0,0.0,1.0,0.0,0.0,0.0,0.0,1.0,0.0,0,1,0,0,1,0,0,0,0,0,1,0,0,0,1,0,0,0,0,1,0,0
1.0,0.0,0.0,0.0,0.0,1.0,0.0,0.0,1.0,0.0,1,0,0,0,0,1,0,0,0,0,0,0,1,0,0,0,0,1,1,0,0,0
1.0,0.0,0.0,0.0,0.0,1.0,0.0,0.0,0.0,1.0,1,0,0,0,0,0,0,1,0,0,0,1,0,0,0,1,0,0,1,0,0,0
1.0,0.0,0.0,0.0,0.0,1.0,0.0,0.0,1.0,0.0,0,0,1,0,0,1,0,0,0,0,0,0,1,0,0,0,0,1,0,1,0,0
1.0,1.0,0.0,1.0,0.0,0.0,0.0,0.0,1.0,0.0,1,0,0,0,0,1,0,0,0,1,0,0,0,0,1,0,0,0,1,0,0,0
1.0,0.0,0.0,1.0,0.0,0.0,0.0,0.0,1.0,0.0,1,0,0,0,0,1,0,0,0,0,0,1,0,0,0,0,0,1,0,1,0,0
1.0,0.0,0.0,0.0,0.0,1.0,0.0,0.0,0.0,1.0,0,0,0,1,0,1,0,0,0,0,0,0,0,1,0,0,0,1,1,0,0,0
0.0,1.0,0.0,0.0,0.0,1.0,0.0,0.0,0.0,1.0,1,0,0,0,0,0,0,1,0,0,0,1,0,0,0,0,0,1,1,0,0,0
0.0,0.0,0.0,1.0,0.0,0.0,0.0,1.0,0.0,0.0,0,1,0,0,0,1,0,0,0,0,0,0,0,1,0,0,0,1,0,1,0,0
1.0,1.0,0.0,0.0,0.0,1.0,0.0,1.0,0.0,0.0,0,0,0,1,0,0,1,0,0,0,0,0,0,1,0,0,0,1,1,0,0,0
1.0,0.0,0.0,0.0,1.0,0.0,0.0,0.0,1.0,0.0,0,0,1,0,0,0,1,0,0,0,0,0,0,1,0,0,0,1,0,1,0,0
1.0,1.0,0.0,0.0,0.0,1.0,0.0,0.0,1.0,0.0,0,0,1,0,0,1,0,0,0,0,1,0,0,0,0,0,0,1,1,0,0,0
1.0,1.0,0.0,0.0,0.0,1.0,0.0,1.0,0.0,0.0,1,0,0,0,0,0,0,1,0,0,0,0,0,1,1,0,0,0,1,0,0,0
0.0,0.0,0.0,0.0,0.0,1.0,0.0,0.0,1.0,0.0,0,0,1,0,0,0,1,0,0,0,0,0,1,0,0,0,1,0,1,0,0,0
0.0,1.0,0.0,0.0,0.0,0.0,1.0,0.0,0.0,1.0,0,0,1,0,0,1,0,0,0,0,1,0,0,0,0,0,0,1,0,1,0,0
1.0,1.0,0.0,0.0,0.0,1.0,0.0,0.0,1.0,0.0,0,0,1,0,0,1,0,0,0,0,0,0,0,1,0,0,0,1,1,0,0,0
1.0,0.0,0.0,0.0,0.0,1.0,0.0,0.0,1.0,0.0,0,0,1,0,0,1,0,0,0,0,0,1,0,0,0,1,0,0,1,0,0,0
1.0,0.0,0.0,1.0,0.0,0.0,0.0,0.0,1.0,0.0,1,0,0,0,0,0,0,1,0,0,0,0,0,1,0,0,0,1,0,1,0,0
0.0,1.0,1.0,0.0,0.0,0.0,0.0,1.0,0.0,0.0,0,1,0,0,0,1,0,0,0,0,0,0,0,1,0,0,0,1,1,0,0,0
1.0,0.0,0.0,0.0,0.0,1.0,0.0,0.0,1.0,0.0,1,0,0,0,1,0,0,0,0,0,0,0,0,1,0,0,0,1,1,0,0,0
1.0,0.0,0.0,1.0,0.0,0.0,0.0,0.0,1.0,0.0,0,1,0,0,0,1,0,0,0,0,0,1,0,0,0,0,0,1,0,1,0,0
0.0,0.0,0.0,0.0,0.0,1.0,0.0,0.0,1.0,0.0,0,0,1,0,0,1,0,0,0,0,0,0,1,0,0,0,0,1,1,0,0,0
1.0,0.0,0.0,1.0,0.0,0.0,0.0,0.0,1.0,0.0,1,0,0,0,1,0,0,0,0,0,0,0,0,1,1,0,0,0,0,1,0,0
1.0,0.0,0.0,1.0,0.0,0.0,0.0,0.0,1.0,0.0,1,0,0,0,1,0,0,0,0,0,0,0,0,1,0,0,1,0,0,1,0,0
1.0,0.0,0.0,0.0,0.0,1.0,0.0,1.0,0.0,0.0,1,0,0,0,0,1,0,0,0,0,0,1,0,0,0,0,0,1,1,0,0,0
1.0,0.0,0.0,1.0,0.0,0.0,0.0,0.0,1.0,0.0,0,0,0,1,1,0,0,0,0,0,0,1,0,0,0,0,1,0,0,1,0,0
1.0,0.0,0.0,0.0,0.0,0.0,1.0,0.0,1.0,0.0,0,0,1,0,0,0,1,0,0,0,0,0,0,1,0,0,1,0,0,1,0,0
0.0,0.0,0.0,0.0,0.0,0.0,1.0,0.0,1.0,0.0,0,0,0,1,0,1,0,0,0,0,1,0,0,0,0,0,0,1,0,1,0,0
0.0,1.0,1.0,0.0,0.0,0.0,0.0,0.0,0.0,1.0,0,0,1,0,0,0,0,0,1,0,1,0,0,0,0,0,0,1,1,0,0,0
0.0,1.0,0.0,0.0,0.0,1.0,0.0,0.0,1.0,0.0,0,1,0,0,0,1,0,0,0,0,0,1,0,0,0,0,0,1,1,0,0,0
1.0,1.0,0.0,0.0,0.0,1.0,0.0,0.0,1.0,0.0,0,0,1,0,0,0,0,1,0,0,0,1,0,0,0,0,0,1,1,0,0,0
0.0,1.0,0.0,0.0,0.0,1.0,0.0,0.0,0.0,1.0,1,0,0,0,0,1,0,0,0,0,0,1,0,0,0,0,1,0,1,0,0,0
1.0,1.0,0.0,1.0,0.0,0.0,0.0,0.0,1.0,0.0,1,0,0,0,0,0,0,0,1,0,0,1,0,0,0,1,0,0,0,1,0,0
1.0,0.0,0.0,1.0,0.0,0.0,0.0,0.0,1.0,0.0,1,0,0,0,0,0,0,1,0,0,0,1,0,0,0,1,0,0,0,1,0,0
0.0,1.0,0.0,0.0,0.0,1.0,0.0,0.0,0.0,1.0,0,1,0,0,0,1,0,0,0,0,0,1,0,0,0,0,0,1,0,1,0,0
0.0,1.0,1.0,0.0,0.0,0.0,0.0,0.0,0.0,1.0,0,0,1,0,0,1,0,0,0,0,0,0,0,1,0,0,0,1,1,0,0,0
1.0,0.0,0.0,1.0,0.0,0.0,0.0,0.0,1.0,0.0,0,0,0,1,0,0,0,0,1,0,0,1,0,0,0,1,0,0,0,1,0,0
1.0,0.0,0.0,0.0,1.0,0.0,0.0,0.0,1.0,0.0,0,0,1,0,0,1,0,0,0,0,1,0,0,0,1,0,0,0,1,0,0,0
0.0,0.0,0.0,0.0,0.0,1.0,0.0,0.0,0.0,1.0,0,1,0,0,0,1,0,0,0,0,0,1,0,0,0,1,0,0,1,0,0,0
1.0,1.0,0.0,0.0,0.0,1.0,0.0,0.0,1.0,0.0,0,0,1,0,0,1,0,0,0,0,0,0,1,0,0,0,0,1,1,0,0,0
1.0,1.0,0.0,0.0,0.0,1.0,0.0,0.0,0.0,1.0,1,0,0,0,0,0,0,0,1,0,0,1,0,0,0,1,0,0,1,0,0,0
1.0,1.0,0.0,1.0,0.0,0.0,0.0,0.0,1.0,0.0,1,0,0,0,0,1,0,0,0,0,0,0,1,0,1,0,0,0,1,0,0,0
1.0,1.0,1.0,0.0,0.0,0.0,0.0,0.0,1.0,0.0,0,0,1,0,1,0,0,0,0,0,1,0,0,0,0,0,1,0,1,0,0,0
0.0,1.0,0.0,0.0,0.0,1.0,0.0,0.0,0.0,1.0,0,0,1,0,0,1,0,0,0,0,0,1,0,0,1,0,0,0,0,1,0,0
1.0,0.0,0.0,0.0,0.0,1.0,0.0,0.0,1.0,0.0,0,1,0,0,0,0,1,0,0,0,0,1,0,0,0,0,1,0,1,0,0,0
1.0,0.0,0.0,1.0,0.0,0.0,0.0,0.0,1.0,0.0,1,0,0,0,0,1,0,0,0,0,0,0,1,0,1,0,0,0,0,1,0,0
0.0,1.0,0.0,0.0,0.0,0.0,1.0,0.0,0.0,1.0,0,0,1,0,0,0,1,0,0,0,0,1,0,0,0,0,0,1,0,1,0,0
1.0,0.0,1.0,0.0,0.0,0.0,0.0,0.0,1.0,0.0,0,1,0,0,0,0,1,0,0,0,0,0,1,0,0,1,0,0,1,0,0,0
1.0,0.0,1.0,0.0,0.0,0.0,0.0,0.0,1.0,0.0,0,0,1,0,0,1,0,0,0,0,0,1,0,0,0,0,0,1,1,0,0,0
1.0,0.0,0.0,0.0,0.0,1.0,0.0,0.0,1.0,0.0,1,0,0,0,1,0,0,0,0,0,0,0,0,1,0,0,0,1,1,0,0,0
1.0,0.0,1.0,0.0,0.0,0.0,0.0,0.0,1.0,0.0,0,1,0,0,0,0,0,1,0,0,0,1,0,0,0,0,0,1,1,0,0,0
1.0,0.0,0.0,1.0,0.0,0.0,0.0,0.0,1.0,0.0,0,1,0,0,1,0,0,0,0,0,0,0,1,0,0,0,0,1,0,1,0,0
1.0,0.0,0.0,1.0,0.0,0.0,0.0,0.0,1.0,0.0,0,1,0,0,0,1,0,0,0,0,1,0,0,0,0,0,1,0,0,1,0,0
1.0,1.0,0.0,0.0,0.0,1.0,0.0,0.0,0.0,1.0,0,1,0,0,0,1,0,0,0,1,0,0,0,0,1,0,0,0,1,0,0,0
0.0,1.0,0.0,0.0,0.0,1.0,0.0,0.0,1.0,0.0,0,1,0,0,0,1,0,0,0,0,1,0,0,0,0,0,1,0,1,0,0,0
1.0,0.0,0.0,0.0,0.0,1.0,0.0,0.0,1.0,0.0,1,0,0,0,1,0,0,0,0,0,0,1,0,0,1,0,0,0,1,0,0,0
1.0,0.0,0.0,0.0,0.0,1.0,0.0,0.0,1.0,0.0,1,0,0,0,0,1,0,0,0,0,0,0,1,0,0,1,0,0,1,0,0,0
1.0,1.0,0.0,0.0,0.0,1.0,0.0,0.0,1.0,0.0,0,1,0,0,0,1,0,0,0,0,0,0,0,1,0,1,0,0,1,0,0,0
0.0,1.0,0.0,0.0,0.0,1.0,0.0,0.0,1.0,0.0,0,1,0,0,0,1,0,0,0,0,1,0,0,0,1,0,0,0,1,0,0,0
1.0,1.0,0.0,0.0,0.0,1.0,0.0,0.0,0.0,1.0,0,0,1,0,0,0,1,0,0,0,0,0,1,0,0,1,0,0,1,0,0,0
1.0,1.0,0.0,1.0,0.0,0.0,0.0,0.0,1.0,0.0,1,0,0,0,0,1,0,0,0,0,0,0,1,0,0,0,0,1,0,1,0,0
0.0,0.0,0.0,0.0,1.0,0.0,0.0,1.0,0.0,0.0,1,0,0,0,0,0,0,0,1,0,0,0,0,1,0,0,0,1,0,1,0,0
0.0,1.0,0.0,0.0,0.0,1.0,0.0,0.0,0.0,1.0,0,1,0,0,1,0,0,0,0,0,0,0,1,0,0,0,0,1,1,0,0,0
1.0,0.0,0.0,1.0,0.0,0.0,0.0,0.0,1.0,0.0,0,0,0,1,0,1,0,0,0,0,0,1,0,0,1,0,0,0,0,0,1,0
0.0,0.0,0.0,1.0,0.0,0.0,0.0,1.0,0.0,0.0,0,0,0,1,1,0,0,0,0,0,0,1,0,0,0,0,1,0,0,1,0,0
1.0,0.0,0.0,0.0,0.0,1.0,0.0,0.0,1.0,0.0,1,0,0,0,0,1,0,0,0,0,0,1,0,0,0,1,0,0,1,0,0,0
0.0,0.0,0.0,1.0,0.0,0.0,0.0,0.0,1.0,0.0,0,1,0,0,0,1,0,0,0,0,0,0,0,1,0,0,0,1,0,1,0,0
1.0,1.0,0.0,1.0,0.0,0.0,0.0,0.0,1.0,0.0,1,0,0,0,1,0,0,0,0,0,0,0,0,1,1,0,0,0,1,0,0,0
0.0,1.0,0.0,1.0,0.0,0.0,0.0,0.0,0.0,1.0,0,1,0,0,0,1,0,0,0,0,0,1,0,0,0,0,0,1,0,1,0,0
1.0,0.0,0.0,0.0,0.0,1.0,0.0,0.0,1.0,0.0,0,1,0,0,0,1,0,0,0,0,0,1,0,0,0,0,0,1,1,0,0,0
0.0,0.0,0.0,1.0,0.0,0.0,0.0,1.0,0.0,0.0,1,0,0,0,1,0,0,0,0,0,0,0,0,1,0,0,0,1,1,0,0,0
1.0,0.0,0.0,1.0,0.0,0.0,0.0,0.0,1.0,0.0,1,0,0,0,0,0,1,0,0,0,0,0,1,0,0,0,0,1,0,1,0,0
1.0,0.0,0.0,0.0,0.0,1.0,0.0,0.0,1.0,0.0,0,0,1,0,0,1,0,0,0,0,0,0,0,1,0,0,1,0,0,1,0,0
0.0,0.0,0.0,0.0,0.0,1.0,0.0,0.0,1.0,0.0,0,1,0,0,0,1,0,0,0,0,1,0,0,0,0,1,0,0,1,0,0,0
1.0,1.0,0.0,0.0,0.0,1.0,0.0,0.0,0.0,1.0,1,0,0,0,1,0,0,0,0,0,1,0,0,0,1,0,0,0,1,0,0,0
1.0,0.0,0.0,1.0,0.0,0.0,0.0,0.0,0.0,1.0,0,0,1,0,0,1,0,0,0,0,0,0,0,1,1,0,0,0,0,0,1,0
1.0,0.0,0.0,1.0,0.0,0.0,0.0,0.0,1.0,0.0,1,0,0,0,0,1,0,0,0,0,0,0,0,1,0,1,0,0,0,1,0,0
1.0,1.0,0.0,0.0,0.0,1.0,0.0,0.0,0.0,1.0,0,1,0,0,1,0,0,0,0,0,0,0,0,1,0,1,0,0,1,0,0,0
0.0,1.0,0.0,1.0,0.0,0.0,0.0,0.0,1.0,0.0,0,1,0,0,0,1,0,0,0,0,0,1,0,0,0,0,1,0,0,1,0,0
1.0,0.0,0.0,1.0,0.0,0.0,0.0,0.0,1.0,0.0,1,0,0,0,0,1,0,0,0,0,0,0,0,1,1,0,0,0,1,0,0,0
1.0,0.0,0.0,1.0,0.0,0.0,0.0,0.0,1.0,0.0,1,0,0,0,0,0,1,0,0,0,0,0,0,1,0,0,0,1,0,1,0,0
1.0,0.0,0.0,1.0,0.0,0.0,0.0,1.0,0.0,0.0,0,0,0,1,0,0,0,1,0,1,0,0,0,0,0,1,0,0,0,0,1,0
0.0,1.0,0.0,0.0,0.0,1.0,0.0,0.0,0.0,1.0,0,1,0,0,1,0,0,0,0,0,0,1,0,0,0,0,0,1,1,0,0,0
1.0,0.0,0.0,1.0,0.0,0.0,0.0,0.0,1.0,0.0,1,0,0,0,0,1,0,0,0,0,0,0,1,0,0,0,0,1,0,1,0,0
1.0,1.0,0.0,0.0,0.0,1.0,0.0,0.0,1.0,0.0,0,1,0,0,0,1,0,0,0,0,0,0,1,0,0,0,0,1,1,0,0,0
1.0,0.0,0.0,1.0,0.0,0.0,0.0,0.0,1.0,0.0,1,0,0,0,0,0,0,0,1,0,0,0,0,1,0,0,0,1,0,1,0,0
1.0,1.0,0.0,0.0,0.0,1.0,0.0,0.0,1.0,0.0,0,0,1,0,0,1,0,0,0,1,0,0,0,0,0,1,0,0,1,0,0,0
0.0,0.0,0.0,1.0,0.0,0.0,0.0,0.0,1.0,0.0,0,0,1,0,0,1,0,0,0,0,0,0,1,0,0,1,0,0,0,1,0,0
1.0,0.0,0.0,1.0,0.0,0.0,0.0,0.0,1.0,0.0,1,0,0,0,0,0,0,0,1,0,0,0,0,1,0,0,0,1,1,0,0,0
1.0,0.0,0.0,0.0,0.0,0.0,1.0,0.0,1.0,0.0,0,0,1,0,0,1,0,0,0,0,0,1,0,0,0,1,0,0,1,0,0,0
0.0,1.0,0.0,0.0,0.0,1.0,0.0,0.0,1.0,0.0,0,0,1,0,0,0,1,0,0,0,1,0,0,0,0,0,0,1,1,0,0,0
1.0,0.0,0.0,0.0,0.0,1.0,0.0,0.0,1.0,0.0,0,0,1,0,1,0,0,0,0,1,0,0,0,0,1,0,0,0,1,0,0,0
1.0,0.0,0.0,0.0,0.0,1.0,0.0,0.0,1.0,0.0,0,0,1,0,0,0,0,0,1,0,0,1,0,0,0,0,0,1,1,0,0,0
1.0,0.0,0.0,0.0,0.0,1.0,0.0,0.0,1.0,0.0,1,0,0,0,0,0,0,1,0,0,0,0,0,1,0,0,1,0,1,0,0,0
1.0,0.0,0.0,1.0,0.0,0.0,0.0,0.0,1.0,0.0,1,0,0,0,1,0,0,0,0,0,0,0,0,1,0,0,0,1,0,1,0,0
0.0,0.0,0.0,0.0,1.0,0.0,0.0,1.0,0.0,0.0,0,0,1,0,0,1,0,0,0,0,0,0,0,1,0,0,0,1,1,0,0,0
0.0,0.0,0.0,1.0,0.0,0.0,0.0,0.0,1.0,0.0,0,1,0,0,0,1,0,0,0,0,0,1,0,0,0,0,0,1,1,0,0,0
0.0,1.0,0.0,0.0,0.0,1.0,0.0,0.0,1.0,0.0,0,0,1,0,0,1,0,0,0,0,0,0,0,1,0,1,0,0,1,0,0,0
1.0,0.0,0.0,0.0,0.0,1.0,0.0,0.0,1.0,0.0,1,0,0,0,1,0,0,0,0,0,0,0,0,1,0,0,1,0,1,0,0,0
1.0,0.0,0.0,1.0,0.0,0.0,0.0,0.0,1.0,0.0,1,0,0,0,1,0,0,0,0,0,0,1,0,0,1,0,0,0,0,1,0,0
1.0,0.0,0.0,0.0,0.0,1.0,0.0,1.0,0.0,0.0,0,0,0,1,0,1,0,0,0,0,0,0,0,1,0,0,1,0,1,0,0,0
1.0,0.0,0.0,0.0,0.0,1.0,0.0,0.0,0.0,1.0,1,0,0,0,0,0,0,1,0,0,0,0,0,1,0,0,0,1,1,0,0,0
1.0,1.0,0.0,0.0,0.0,1.0,0.0,0.0,0.0,1.0,1,0,0,0,0,0,1,0,0,0,1,0,0,0,0,1,0,0,1,0,0,0
0.0,0.0,0.0,0.0,0.0,1.0,0.0,1.0,0.0,0.0,0,1,0,0,1,0,0,0,0,0,0,0,0,1,1,0,0,0,1,0,0,0
1.0,1.0,0.0,1.0,0.0,0.0,0.0,0.0,0.0,1.0,1,0,0,0,0,1,0,0,0,0,1,0,0,0,0,1,0,0,0,1,0,0
1.0,0.0,0.0,0.0,1.0,0.0,0.0,0.0,1.0,0.0,1,0,0,0,1,0,0,0,0,0,0,0,0,1,0,0,0,1,0,1,0,0
1.0,0.0,0.0,0.0,0.0,1.0,0.0,0.0,1.0,0.0,0,0,1,0,1,0,0,0,0,0,1,0,0,0,0,0,0,1,1,0,0,0
1.0,0.0,0.0,1.0,0.0,0.0,0.0,1.0,0.0,0.0,1,0,0,0,0,1,0,0,0,0,0,0,0,1,0,0,0,1,0,1,0,0
1.0,1.0,0.0,1.0,0.0,0.0,0.0,0.0,0.0,1.0,0,0,1,0,0,1,0,0,0,0,0,0,0,1,0,0,1,0,0,1,0,0
1.0,1.0,0.0,1.0,0.0,0.0,0.0,0.0,1.0,0.0,0,1,0,0,0,1,0,0,0,0,0,0,0,1,1,0,0,0,0,1,0,0
1.0,0.0,0.0,1.0,0.0,0.0,0.0,0.0,1.0,0.0,1,0,0,0,1,0,0,0,0,0,0,0,0,1,0,0,0,1,0,1,0,0
1.0,1.0,0.0,0.0,0.0,1.0,0.0,0.0,0.0,1.0,0,0,1,0,1,0,0,0,0,1,0,0,0,0,1,0,0,0,1,0,0,0
0.0,0.0,0.0,0.0,0.0,1.0,0.0,0.0,1.0,0.0,0,1,0,0,0,1,0,0,0,0,0,0,1,0,0,1,0,0,1,0,0,0
1.0,0.0,0.0,0.0,0.0,1.0,0.0,0.0,1.0,0.0,0,0,1,0,0,1,0,0,0,0,1,0,0,0,0,0,1,0,1,0,0,0
1.0,0.0,0.0,1.0,0.0,0.0,0.0,0.0,1.0,0.0,1,0,0,0,1,0,0,0,0,0,0,0,0,1,0,0,0,1,0,0,0,1
1.0,0.0,1.0,0.0,0.0,0.0,0.0,1.0,0.0,0.0,0,0,1,0,0,1,0,0,0,1,0,0,0,0,1,0,0,0,1,0,0,0
0.0,1.0,0.0,0.0,0.0,0.0,1.0,0.0,0.0,1.0,0,0,1,0,0,1,0,0,0,0,1,0,0,0,0,1,0,0,0,1,0,0
1.0,0.0,0.0,0.0,0.0,1.0,0.0,0.0,1.0,0.0,0,0,1,0,0,1,0,0,0,0,1,0,0,0,0,0,1,0,1,0,0,0
1.0,0.0,0.0,0.0,0.0,1.0,0.0,0.0,1.0,0.0,0,0,1,0,0,1,0,0,0,0,0,0,1,0,0,0,1,0,1,0,0,0
0.0,0.0,0.0,1.0,0.0,0.0,0.0,0.0,1.0,0.0,0,1,0,0,0,1,0,0,0,0,0,0,1,0,0,0,0,1,0,1,0,0
0.0,0.0,0.0,0.0,0.0,1.0,0.0,0.0,1.0,0.0,0,1,0,0,0,1,0,0,0,0,0,1,0,0,0,0,1,0,1,0,0,0
0.0,0.0,0.0,0.0,0.0,1.0,0.0,1.0,0.0,0.0,0,1,0,0,0,1,0,0,0,0,0,0,1,0,0,0,0,1,1,0,0,0
1.0,1.0,0.0,0.0,1.0,0.0,0.0,0.0,0.0,1.0,0,0,1,0,0,1,0,0,0,0,0,1,0,0,0,1,0,0,1,0,0,0
1.0,0.0,0.0,0.0,0.0,1.0,0.0,0.0,1.0,0.0,1,0,0,0,0,0,0,1,0,0,0,1,0,0,1,0,0,0,1,0,0,0
1.0,1.0,0.0,1.0,0.0,0.0,0.0,0.0,0.0,1.0,1,0,0,0,0,1,0,0,0,0,0,0,1,0,1,0,0,0,0,1,0,0
1.0,0.0,0.0,0.0,0.0,1.0,0.0,0.0,1.0,0.0,0,1,0,0,0,1,0,0,0,1,0,0,0,0,0,1,0,0,1,0,0,0
0.0,0.0,0.0,0.0,0.0,1.0,0.0,0.0,1.0,0.0,0,1,0,0,0,1,0,0,0,0,0,1,0,0,0,0,0,1,1,0,0,0
1.0,0.0,0.0,0.0,0.0,1.0,0.0,0.0,1.0,0.0,1,0,0,0,0,1,0,0,0,0,0,1,0,0,0,0,1,0,0,1,0,0
1.0,0.0,0.0,0.0,0.0,1.0,0.0,0.0,1.0,0.0,0,0,0,1,0,1,0,0,0,0,0,1,0,0,0,0,1,0,1,0,0,0
0.0,0.0,0.0,0.0,0.0,1.0,0.0,0.0,1.0,0.0,0,1,0,0,0,1,0,0,0,0,0,0,0,1,0,1,0,0,1,0,0,0
1.0,0.0,0.0,1.0,0.0,0.0,0.0,0.0,1.0,0.0,0,1,0,0,0,1,0,0,0,0,0,0,0,1,0,0,0,1,0,1,0,0
1.0,0.0,0.0,1.0,0.0,0.0,0.0,0.0,1.0,0.0,1,0,0,0,0,1,0,0,0,0,1,0,0,0,0,0,1,0,0,1,0,0
1.0,0.0,0.0,1.0,0.0,0.0,0.0,0.0,1.0,0.0,0,1,0,0,0,1,0,0,0,0,0,0,0,1,0,0,0,1,0,1,0,0
0.0,1.0,0.0,1.0,0.0,0.0,0.0,0.0,0.0,1.0,0,1,0,0,0,1,0,0,0,0,0,0,0,1,1,0,0,0,0,0,1,0
0.0,0.0,0.0,0.0,0.0,0.0,1.0,0.0,1.0,0.0,1,0,0,0,0,1,0,0,0,0,0,1,0,0,0,1,0,0,0,1,0,0
0.0,0.0,0.0,0.0,0.0,1.0,0.0,1.0,0.0,0.0,0,1,0,0,1,0,0,0,0,0,0,0,0,1,0,0,1,0,1,0,0,0
1.0,0.0,0.0,0.0,1.0,0.0,0.0,1.0,0.0,0.0,0,0,1,0,1,0,0,0,0,0,0,1,0,0,0,0,0,1,1,0,0,0
1.0,0.0,0.0,0.0,1.0,0.0,0.0,0.0,1.0,0.0,1,0,0,0,0,0,0,1,0,0,0,1,0,0,0,0,0,1,0,1,0,0
0.0,1.0,0.0,0.0,0.0,1.0,0.0,0.0,0.0,1.0,0,1,0,0,0,1,0,0,0,0,1,0,0,0,0,0,0,1,1,0,0,0
0.0,0.0,0.0,0.0,0.0,0.0,1.0,0.0,0.0,1.0,0,1,0,0,0,1,0,0,0,0,0,0,0,1,0,1,0,0,0,1,0,0
1.0,1.0,0.0,0.0,0.0,1.0,0.0,0.0,1.0,0.0,0,0,1,0,1,0,0,0,0,0,0,0,0,1,0,1,0,0,1,0,0,0
0.0,1.0,0.0,0.0,0.0,1.0,0.0,0.0,1.0,0.0,0,0,0,1,0,1,0,0,0,0,1,0,0,0,0,1,0,0,1,0,0,0
0.0,0.0,0.0,0.0,0.0,0.0,1.0,0.0,1.0,0.0,0,1,0,0,0,1,0,0,0,0,0,1,0,0,0,0,0,1,0,1,0,0
1.0,1.0,0.0,0.0,0.0,1.0,0.0,0.0,1.0,0.0,1,0,0,0,1,0,0,0,0,0,0,1,0,0,0,0,0,1,1,0,0,0
1.0,1.0,0.0,0.0,0.0,1.0,0.0,0.0,0.0,1.0,1,0,0,0,0,1,0,0,0,0,1,0,0,0,1,0,0,0,1,0,0,0
1.0,0.0,0.0,1.0,0.0,0.0,0.0,0.0,1.0,0.0,0,1,0,0,0,1,0,0,0,0,0,0,0,1,0,0,0,1,0,1,0,0
1.0,0.0,0.0,1.0,0.0,0.0,0.0,0.0,1.0,0.0,1,0,0,0,0,1,0,0,0,0,0,0,0,1,0,0,0,1,0,1,0,0
0.0,0.0,0.0,0.0,0.0,1.0,0.0,0.0,1.0,0.0,0,1,0,0,0,1,0,0,0,0,0,0,1,0,0,0,0,1,1,0,0,0
1.0,0.0,0.0,0.0,1.0,0.0,0.0,0.0,1.0,0.0,1,0,0,0,0,1,0,0,0,0,0,1,0,0,0,0,1,0,0,1,0,0
0.0,1.0,0.0,0.0,0.0,1.0,0.0,0.0,1.0,0.0,1,0,0,0,0,1,0,0,0,0,1,0,0,0,0,0,0,1,1,0,0,0
1.0,0.0,1.0,0.0,0.0,0.0,0.0,0.0,1.0,0.0,1,0,0,0,0,1,0,0,0,0,0,0,1,0,0,0,0,1,1,0,0,0
1.0,0.0,0.0,0.0,0.0,1.0,0.0,0.0,1.0,0.0,1,0,0,0,0,1,0,0,0,0,0,0,0,1,0,0,0,1,0,0,1,0
1.0,0.0,0.0,0.0,0.0,1.0,0.0,0.0,1.0,0.0,0,0,1,0,1,0,0,0,0,0,0,0,1,0,0,1,0,0,1,0,0,0
0.0,0.0,0.0,0.0,0.0,1.0,0.0,0.0,0.0,1.0,1,0,0,0,1,0,0,0,0,0,0,1,0,0,0,1,0,0,0,1,0,0
1.0,0.0,0.0,0.0,0.0,1.0,0.0,0.0,1.0,0.0,1,0,0,0,0,1,0,0,0,0,1,0,0,0,0,0,0,1,1,0,0,0
1.0,0.0,0.0,0.0,0.0,1.0,0.0,0.0,1.0,0.0,0,1,0,0,0,1,0,0,0,0,0,0,1,0,0,0,1,0,1,0,0,0
0.0,0.0,0.0,0.0,0.0,1.0,0.0,0.0,1.0,0.0,0,1,0,0,0,1,0,0,0,0,0,0,0,1,0,0,0,1,1,0,0,0
0.0,0.0,0.0,1.0,0.0,0.0,0.0,0.0,0.0,1.0,0,1,0,0,0,1,0,0,0,0,0,1,0,0,0,0,0,1,0,1,0,0
1.0,0.0,0.0,1.0,0.0,0.0,0.0,0.0,1.0,0.0,1,0,0,0,1,0,0,0,0,0,0,0,1,0,0,0,1,0,0,1,0,0
1.0,0.0,0.0,1.0,0.0,0.0,0.0,1.0,0.0,0.0,1,0,0,0,0,1,0,0,0,0,0,1,0,0,0,0,0,1,0,1,0,0
0.0,0.0,1.0,0.0,0.0,0.0,0.0,1.0,0.0,0.0,0,1,0,0,0,1,0,0,0,0,0,0,1,0,0,0,0,1,0,1,0,0
1.0,0.0,0.0,0.0,1.0,0.0,0.0,0.0,1.0,0.0,1,0,0,0,0,1,0,0,0,0,0,0,0,1,0,1,0,0,0,1,0,0
1.0,0.0,0.0,0.0,0.0,1.0,0.0,0.0,1.0,0.0,1,0,0,0,0,0,1,0,0,0,1,0,0,0,0,0,0,1,1,0,0,0
1.0,1.0,0.0,0.0,0.0,1.0,0.0,0.0,1.0,0.0,1,0,0,0,1,0,0,0,0,0,0,0,1,0,0,0,0,1,1,0,0,0
1.0,0.0,0.0,1.0,0.0,0.0,0.0,1.0,0.0,0.0,1,0,0,0,0,1,0,0,0,0,0,1,0,0,0,0,0,1,1,0,0,0
0.0,1.0,0.0,0.0,0.0,1.0,0.0,0.0,1.0,0.0,0,1,0,0,0,1,0,0,0,0,0,1,0,0,0,0,1,0,1,0,0,0
1.0,0.0,0.0,0.0,0.0,1.0,0.0,0.0,0.0,1.0,1,0,0,0,0,0,1,0,0,0,0,1,0,0,1,0,0,0,1,0,0,0
1.0,0.0,0.0,1.0,0.0,0.0,0.0,0.0,1.0,0.0,1,0,0,0,0,0,0,0,1,0,0,1,0,0,0,0,0,1,0,1,0,0
0.0,0.0,0.0,0.0,1.0,0.0,0.0,0.0,1.0,0.0,1,0,0,0,0,1,0,0,0,0,0,1,0,0,0,0,0,1,1,0,0,0
0.0,1.0,0.0,0.0,0.0,1.0,0.0,0.0,1.0,0.0,0,1,0,0,0,1,0,0,0,0,1,0,0,0,0,0,0,1,1,0,0,0
1.0,0.0,0.0,1.0,0.0,0.0,0.0,0.0,1.0,0.0,1,0,0,0,0,0,0,0,1,0,1,0,0,0,0,0,0,1,0,1,0,0
0.0,0.0,0.0,0.0,0.0,1.0,0.0,0.0,0.0,1.0,1,0,0,0,0,1,0,0,0,0,0,1,0,0,0,1,0,0,1,0,0,0
1.0,1.0,0.0,0.0,0.0,1.0,0.0,0.0,0.0,1.0,1,0,0,0,0,0,0,1,0,0,0,1,0,0,0,1,0,0,1,0,0,0
1.0,1.0,0.0,0.0,0.0,1.0,0.0,0.0,1.0,0.0,0,1,0,0,0,1,0,0,0,0,1,0,0,0,0,0,0,1,1,0,0,0
1.0,0.0,0.0,1.0,0.0,0.0,0.0,0.0,1.0,0.0,1,0,0,0,0,1,0,0,0,0,0,0,0,1,0,1,0,0,1,0,0,0
1.0,0.0,0.0,0.0,0.0,1.0,0.0,0.0,1.0,0.0,1,0,0,0,1,0,0,0,0,0,0,0,0,1,0,0,1,0,0,1,0,0
1.0,1.0,0.0,0.0,0.0,1.0,0.0,0.0,0.0,1.0,0,1,0,0,0,1,0,0,0,0,0,0,0,1,0,0,0,1,1,0,0,0
1.0,1.0,0.0,0.0,1.0,0.0,0.0,0.0,1.0,0.0,1,0,0,0,0,0,0,1,0,0,0,0,1,0,0,1,0,0,0,1,0,0
1.0,0.0,0.0,1.0,0.0,0.0,0.0,0.0,1.0,0.0,0,0,0,1,0,1,0,0,0,0,0,0,0,1,1,0,0,0,0,1,0,0
1.0,0.0,0.0,1.0,0.0,0.0,0.0,0.0,1.0,0.0,0,1,0,0,0,0,1,0,0,0,0,0,1,0,0,0,0,1,0,1,0,0
1.0,1.0,0.0,0.0,0.0,1.0,0.0,0.0,1.0,0.0,1,0,0,0,1,0,0,0,0,0,1,0,0,0,0,0,0,1,1,0,0,0
1.0,0.0,0.0,0.0,0.0,1.0,0.0,0.0,1.0,0.0,0,1,0,0,0,1,0,0,0,0,0,1,0,0,0,1,0,0,1,0,0,0
1.0,1.0,0.0,1.0,0.0,0.0,0.0,0.0,1.0,0.0,0,0,1,0,0,0,0,0,1,0,0,1,0,0,0,0,0,1,0,1,0,0
1.0,0.0,1.0,0.0,0.0,0.0,0.0,1.0,0.0,0.0,0,1,0,0,0,1,0,0,0,0,1,0,0,0,0,0,1,0,1,0,0,0
1.0,0.0,0.0,0.0,0.0,1.0,0.0,0.0,1.0,0.0,1,0,0,0,0,1,0,0,0,0,0,0,0,1,0,0,0,1,1,0,0,0
0.0,0.0,0.0,0.0,0.0,1.0,0.0,1.0,0.0,0.0,0,1,0,0,0,1,0,0,0,0,1,0,0,0,0,0,1,0,1,0,0,0
1.0,0.0,0.0,1.0,0.0,0.0,0.0,0.0,1.0,0.0,1,0,0,0,1,0,0,0,0,0,0,0,1,0,0,1,0,0,0,1,0,0
1.0,0.0,0.0,0.0,0.0,1.0,0.0,0.0,1.0,0.0,1,0,0,0,0,1,0,0,0,0,0,0,1,0,0,0,1,0,1,0,0,0
1.0,0.0,0.0,0.0,0.0,1.0,0.0,1.0,0.0,0.0,1,0,0,0,1,0,0,0,0,0,0,1,0,0,0,1,0,0,1,0,0,0
1.0,0.0,0.0,1.0,0.0,0.0,0.0,0.0,1.0,0.0,0,0,1,0,1,0,0,0,0,0,0,0,0,1,0,0,0,1,0,1,0,0
1.0,1.0,0.0,1.0,0.0,0.0,0.0,0.0,1.0,0.0,1,0,0,0,0,1,0,0,0,1,0,0,0,0,0,0,0,1,0,1,0,0
0.0,0.0,0.0,0.0,0.0,1.0,0.0,0.0,1.0,0.0,0,0,1,0,0,1,0,0,0,0,0,0,1,0,0,0,1,0,1,0,0,0
0.0,1.0,0.0,0.0,0.0,1.0,0.0,0.0,1.0,0.0,0,1,0,0,0,1,0,0,0,0,1,0,0,0,0,0,0,1,1,0,0,0
1.0,0.0,0.0,1.0,0.0,0.0,0.0,0.0,1.0,0.0,0,0,1,0,1,0,0,0,0,0,0,0,1,0,0,0,0,1,0,1,0,0
0.0,0.0,0.0,0.0,0.0,1.0,0.0,0.0,1.0,0.0,0,0,1,0,0,1,0,0,0,0,0,1,0,0,0,1,0,0,1,0,0,0
1.0,0.0,0.0,1.0,0.0,0.0,0.0,0.0,1.0,0.0,1,0,0,0,0,1,0,0,0,0,0,0,0,1,0,0,0,1,0,1,0,0
1.0,0.0,1.0,0.0,0.0,0.0,0.0,0.0,0.0,1.0,1,0,0,0,1,0,0,0,0,0,1,0,0,0,0,0,1,0,0,1,0,0
1.0,0.0,0.0,1.0,0.0,0.0,0.0,0.0,1.0,0.0,0,1,0,0,0,1,0,0,0,0,0,0,0,1,0,0,0,1,0,0,0,1
1.0,0.0,0.0,1.0,0.0,0.0,0.0,0.0,1.0,0.0,1,0,0,0,0,1,0,0,0,0,0,0,0,1,0,0,0,1,0,1,0,0
1.0,0.0,0.0,1.0,0.0,0.0,0.0,0.0,1.0,0.0,0,1,0,0,0,1,0,0,0,0,0,1,0,0,0,0,0,1,0,1,0,0
1.0,0.0,0.0,1.0,0.0,0.0,0.0,0.0,1.0,0.0,0,0,1,0,0,1,0,0,0,0,0,1,0,0,0,0,1,0,0,1,0,0
1.0,0.0,0.0,1.0,0.0,0.0,0.0,0.0,1.0,0.0,1,0,0,0,1,0,0,0,0,0,0,1,0,0,0,0,0,1,0,1,0,0
1.0,0.0,0.0,0.0,1.0,0.0,0.0,0.0,1.0,0.0,1,0,0,0,1,0,0,0,0,0,0,0,1,0,0,0,1,0,1,0,0,0
1.0,1.0,0.0,0.0,0.0,1.0,0.0,0.0,0.0,1.0,0,1,0,0,0,1,0,0,0,0,1,0,0,0,0,0,0,1,1,0,0,0
1.0,1.0,0.0,1.0,0.0,0.0,0.0,0.0,1.0,0.0,1,0,0,0,0,0,0,0,1,0,0,0,1,0,0,0,1,0,1,0,0,0
1.0,1.0,0.0,0.0,0.0,1.0,0.0,0.0,0.0,1.0,1,0,0,0,1,0,0,0,0,0,0,0,1,0,1,0,0,0,1,0,0,0
0.0,0.0,0.0,0.0,0.0,1.0,0.0,0.0,1.0,0.0,0,1,0,0,0,1,0,0,0,0,0,1,0,0,0,1,0,0,1,0,0,0
0.0,0.0,0.0,1.0,0.0,0.0,0.0,0.0,0.0,1.0,0,1,0,0,0,1,0,0,0,0,0,0,0,1,0,1,0,0,1,0,0,0
1.0,0.0,0.0,1.0,0.0,0.0,0.0,0.0,1.0,0.0,1,0,0,0,1,0,0,0,0,0,1,0,0,0,0,1,0,0,0,1,0,0
1.0,0.0,0.0,1.0,0.0,0.0,0.0,1.0,0.0,0.0,1,0,0,0,1,0,0,0,0,0,0,0,0,1,0,1,0,0,0,1,0,0
1.0,0.0,0.0,0.0,0.0,1.0,0.0,0.0,0.0,1.0,1,0,0,0,1,0,0,0,0,0,0,1,0,0,0,0,0,1,1,0,0,0
1.0,0.0,0.0,0.0,0.0,1.0,0.0,0.0,1.0,0.0,1,0,0,0,0,1,0,0,0,0,0,0,0,1,0,0,0,1,1,0,0,0
1.0,0.0,0.0,0.0,0.0,1.0,0.0,0.0,0.0,1.0,0,1,0,0,0,1,0,0,0,0,0,1,0,0,0,1,0,0,1,0,0,0
1.0,0.0,0.0,0.0,0.0,1.0,0.0,0.0,1.0,0.0,0,1,0,0,1,0,0,0,0,0,0,0,1,0,0,1,0,0,1,0,0,0
1.0,0.0,0.0,0.0,0.0,1.0,0.0,0.0,1.0,0.0,0,0,1,0,1,0,0,0,0,0,0,1,0,0,0,1,0,0,1,0,0,0
1.0,1.0,0.0,0.0,1.0,0.0,0.0,0.0,1.0,0.0,1,0,0,0,0,1,0,0,0,0,1,0,0,0,1,0,0,0,0,1,0,0
1.0,1.0,0.0,0.0,0.0,1.0,0.0,0.0,1.0,0.0,0,0,1,0,1,0,0,0,0,0,0,1,0,0,1,0,0,0,1,0,0,0
1.0,1.0,0.0,0.0,1.0,0.0,0.0,0.0,1.0,0.0,1,0,0,0,0,1,0,0,0,0,0,1,0,0,0,0,0,1,0,1,0,0
0.0,1.0,0.0,1.0,0.0,0.0,0.0,0.0,1.0,0.0,0,0,1,0,0,1,0,0,0,0,1,0,0,0,0,1,0,0,1,0,0,0
1.0,1.0,0.0,0.0,0.0,1.0,0.0,0.0,1.0,0.0,0,0,1,0,1,0,0,0,0,0,0,0,0,1,0,1,0,0,1,0,0,0
1.0,0.0,0.0,0.0,0.0,1.0,0.0,0.0,1.0,0.0,1,0,0,0,0,0,0,0,1,0,0,0,0,1,1,0,0,0,1,0,0,0
0.0,0.0,1.0,0.0,0.0,0.0,0.0,0.0,0.0,1.0,0,1,0,0,0,1,0,0,0,0,0,1,0,0,0,0,0,1,1,0,0,0
0.0,1.0,0.0,0.0,0.0,0.0,1.0,0.0,1.0,0.0,0,0,1,0,0,1,0,0,0,0,0,1,0,0,1,0,0,0,1,0,0,0
1.0,0.0,0.0,0.0,0.0,1.0,0.0,0.0,1.0,0.0,1,0,0,0,0,0,1,0,0,0,0,1,0,0,1,0,0,0,1,0,0,0
0.0,0.0,0.0,0.0,0.0,1.0,0.0,0.0,1.0,0.0,0,1,0,0,0,1,0,0,0,0,0,0,0,1,1,0,0,0,1,0,0,0
0.0,0.0,0.0,0.0,0.0,1.0,0.0,0.0,1.0,0.0,0,1,0,0,0,0,1,0,0,1,0,0,0,0,1,0,0,0,1,0,0,0
0.0,0.0,0.0,0.0,0.0,1.0,0.0,0.0,0.0,1.0,0,1,0,0,0,1,0,0,0,0,0,0,0,1,0,0,0,1,1,0,0,0
1.0,1.0,0.0,1.0,0.0,0.0,0.0,0.0,1.0,0.0,1,0,0,0,0,1,0,0,0,0,0,1,0,0,0,0,0,1,0,1,0,0
1.0,0.0,0.0,0.0,1.0,0.0,0.0,0.0,1.0,0.0,1,0,0,0,0,0,0,1,0,0,0,0,1,0,0,0,0,1,1,0,0,0
0.0,1.0,0.0,0.0,0.0,1.0,0.0,0.0,0.0,1.0,0,1,0,0,0,1,0,0,0,0,1,0,0,0,0,0,1,0,1,0,0,0
1.0,0.0,0.0,0.0,0.0,1.0,0.0,0.0,0.0,1.0,0,0,1,0,0,1,0,0,0,0,0,0,1,0,0,0,1,0,1,0,0,0
0.0,0.0,1.0,0.0,0.0,0.0,0.0,0.0,1.0,0.0,0,1,0,0,0,1,0,0,0,0,1,0,0,0,0,1,0,0,1,0,0,0
0.0,0.0,1.0,0.0,0.0,0.0,0.0,0.0,1.0,0.0,0,1,0,0,0,1,0,0,0,0,1,0,0,0,0,0,0,1,0,1,0,0
1.0,1.0,0.0,1.0,0.0,0.0,0.0,0.0,0.0,1.0,0,1,0,0,0,1,0,0,0,0,1,0,0,0,0,0,0,1,1,0,0,0
0.0,0.0,0.0,0.0,0.0,1.0,0.0,1.0,0.0,0.0,0,1,0,0,0,1,0,0,0,0,0,0,1,0,0,0,0,1,0,0,1,0
1.0,0.0,0.0,0.0,0.0,1.0,0.0,0.0,1.0,0.0,1,0,0,0,1,0,0,0,0,0,0,0,0,1,0,0,0,1,1,0,0,0
1.0,0.0,0.0,0.0,1.0,0.0,0.0,0.0,1.0,0.0,0,1,0,0,0,1,0,0,0,0,0,1,0,0,0,0,0,1,0,1,0,0
1.0,0.0,0.0,0.0,0.0,1.0,0.0,0.0,1.0,0.0,0,1,0,0,0,1,0,0,0,0,1,0,0,0,0,0,0,1,1,0,0,0
0.0,1.0,0.0,0.0,0.0,1.0,0.0,0.0,1.0,0.0,0,0,1,0,0,1,0,0,0,0,1,0,0,0,0,0,0,1,1,0,0,0
1.0,0.0,0.0,1.0,0.0,0.0,0.0,0.0,1.0,0.0,1,0,0,0,0,1,0,0,0,0,0,1,0,0,0,0,1,0,0,1,0,0
1.0,0.0,0.0,1.0,0.0,0.0,0.0,0.0,1.0,0.0,1,0,0,0,0,0,0,1,0,0,0,0,0,1,0,0,0,1,0,1,0,0
1.0,1.0,0.0,0.0,0.0,1.0,0.0,0.0,1.0,0.0,0,1,0,0,0,1,0,0,0,0,0,1,0,0,0,0,0,1,1,0,0,0
0.0,0.0,0.0,0.0,1.0,0.0,0.0,0.0,1.0,0.0,0,0,1,0,0,0,1,0,0,0,1,0,0,0,0,0,0,1,0,1,0,0
0.0,1.0,0.0,0.0,0.0,1.0,0.0,0.0,1.0,0.0,0,0,0,1,0,1,0,0,0,0,0,1,0,0,0,0,1,0,1,0,0,0
1.0,0.0,0.0,0.0,0.0,1.0,0.0,0.0,0.0,1.0,0,0,1,0,0,1,0,0,0,0,1,0,0,0,0,0,0,1,1,0,0,0
0.0,0.0,0.0,0.0,0.0,1.0,0.0,1.0,0.0,0.0,0,0,1,0,0,1,0,0,0,0,0,1,0,0,0,0,0,1,1,0,0,0
1.0,0.0,0.0,1.0,0.0,0.0,0.0,0.0,1.0,0.0,1,0,0,0,1,0,0,0,0,0,0,1,0,0,0,1,0,0,0,1,0,0
1.0,0.0,0.0,0.0,0.0,1.0,0.0,0.0,1.0,0.0,1,0,0,0,1,0,0,0,0,0,1,0,0,0,0,1,0,0,1,0,0,0
1.0,0.0,0.0,0.0,0.0,1.0,0.0,0.0,1.0,0.0,1,0,0,0,0,1,0,0,0,0,0,1,0,0,0,0,1,0,1,0,0,0
1.0,0.0,0.0,0.0,0.0,1.0,0.0,0.0,1.0,0.0,1,0,0,0,1,0,0,0,0,0,0,0,1,0,0,0,0,1,1,0,0,0
1.0,0.0,0.0,1.0,0.0,0.0,0.0,0.0,1.0,0.0,1,0,0,0,0,1,0,0,0,0,0,0,1,0,0,1,0,0,0,0,1,0
1.0,1.0,0.0,0.0,0.0,1.0,0.0,0.0,0.0,1.0,0,1,0,0,0,1,0,0,0,0,1,0,0,0,0,0,0,1,1,0,0,0
1.0,1.0,0.0,0.0,0.0,0.0,1.0,0.0,1.0,0.0,0,0,1,0,0,0,0,1,0,0,1,0,0,0,1,0,0,0,0,1,0,0
0.0,0.0,1.0,0.0,0.0,0.0,0.0,1.0,0.0,0.0,0,1,0,0,0,0,0,1,0,0,1,0,0,0,0,0,0,1,1,0,0,0
1.0,0.0,0.0,0.0,0.0,1.0,0.0,0.0,1.0,0.0,1,0,0,0,1,0,0,0,0,1,0,0,0,0,0,0,0,1,1,0,0,0
0.0,0.0,0.0,0.0,0.0,1.0,0.0,0.0,1.0,0.0,1,0,0,0,0,1,0,0,0,0,1,0,0,0,0,0,0,1,1,0,0,0
0.0,0.0,0.0,0.0,0.0,1.0,0.0,0.0,1.0,0.0,1,0,0,0,0,0,1,0,0,0,0,0,0,1,0,1,0,0,0,1,0,0
1.0,0.0,0.0,1.0,0.0,0.0,0.0,0.0,1.0,0.0,0,0,1,0,0,1,0,0,0,1,0,0,0,0,0,0,1,0,0,0,1,0
0.0,0.0,0.0,0.0,1.0,0.0,0.0,0.0,1.0,0.0,0,1,0,0,0,1,0,0,0,0,0,0,1,0,0,1,0,0,0,1,0,0
0.0,1.0,0.0,0.0,0.0,1.0,0.0,0.0,0.0,1.0,0,0,1,0,0,0,0,1,0,0,1,0,0,0,0,0,1,0,1,0,0,0
0.0,1.0,0.0,0.0,0.0,1.0,0.0,0.0,1.0,0.0,1,0,0,0,0,1,0,0,0,1,0,0,0,0,0,0,0,1,0,1,0,0
1.0,1.0,0.0,0.0,0.0,1.0,0.0,0.0,1.0,0.0,0,1,0,0,0,1,0,0,0,0,0,1,0,0,0,0,0,1,1,0,0,0
1.0,1.0,0.0,1.0,0.0,0.0,0.0,0.0,0.0,1.0,0,1,0,0,0,0,0,0,1,0,0,0,0,1,0,0,0,1,0,1,0,0
1.0,0.0,0.0,1.0,0.0,0.0,0.0,0.0,1.0,0.0,0,0,0,1,1,0,0,0,0,0,0,0,0,1,0,0,0,1,0,1,0,0
1.0,0.0,0.0,1.0,0.0,0.0,0.0,0.0,1.0,0.0,0,0,1,0,0,1,0,0,0,0,0,0,0,1,0,1,0,0,0,0,1,0
0.0,0.0,0.0,0.0,0.0,1.0,0.0,0.0,1.0,0.0,0,1,0,0,0,1,0,0,0,0,0,1,0,0,0,0,1,0,1,0,0,0
1.0,0.0,0.0,0.0,0.0,1.0,0.0,1.0,0.0,0.0,0,0,1,0,0,0,1,0,0,0,0,0,0,1,0,0,0,1,1,0,0,0
1.0,0.0,0.0,1.0,0.0,0.0,0.0,0.0,0.0,1.0,1,0,0,0,0,1,0,0,0,0,0,0,0,1,0,1,0,0,0,1,0,0
1.0,0.0,0.0,0.0,1.0,0.0,0.0,0.0,1.0,0.0,0,0,1,0,0,1,0,0,0,0,0,1,0,0,1,0,0,0,0,1,0,0
1.0,0.0,0.0,0.0,0.0,1.0,0.0,0.0,1.0,0.0,1,0,0,0,1,0,0,0,0,0,0,1,0,0,0,0,1,0,1,0,0,0
0.0,0.0,0.0,0.0,0.0,1.0,0.0,0.0,1.0,0.0,1,0,0,0,0,0,0,1,0,0,0,0,0,1,0,0,1,0,0,1,0,0
1.0,0.0,0.0,0.0,0.0,1.0,0.0,0.0,1.0,0.0,0,0,1,0,0,1,0,0,0,0,1,0,0,0,0,0,1,0,1,0,0,0
1.0,1.0,0.0,0.0,0.0,1.0,0.0,0.0,1.0,0.0,0,0,1,0,1,0,0,0,0,0,0,1,0,0,0,0,0,1,1,0,0,0
0.0,0.0,0.0,1.0,0.0,0.0,0.0,0.0,1.0,0.0,0,0,1,0,0,0,0,1,0,0,0,1,0,0,0,0,0,1,0,1,0,0
1.0,1.0,0.0,0.0,0.0,1.0,0.0,0.0,0.0,1.0,1,0,0,0,0,1,0,0,0,0,0,0,0,1,0,0,0,1,1,0,0,0
1.0,0.0,0.0,0.0,0.0,1.0,0.0,0.0,0.0,1.0,1,0,0,0,1,0,0,0,0,0,0,0,1,0,0,1,0,0,1,0,0,0
1.0,0.0,0.0,1.0,0.0,0.0,0.0,0.0,1.0,0.0,0,1,0,0,0,1,0,0,0,0,0,1,0,0,1,0,0,0,0,1,0,0
1.0,0.0,0.0,0.0,0.0,1.0,0.0,0.0,1.0,0.0,0,0,1,0,0,0,1,0,0,0,0,1,0,0,0,0,0,1,1,0,0,0
1.0,0.0,0.0,0.0,0.0,1.0,0.0,0.0,1.0,0.0,1,0,0,0,0,1,0,0,0,0,0,1,0,0,1,0,0,0,1,0,0,0
0.0,1.0,1.0,0.0,0.0,0.0,0.0,0.0,0.0,1.0,0,1,0,0,0,1,0,0,0,1,0,0,0,0,1,0,0,0,0,1,0,0
0.0,0.0,0.0,0.0,0.0,1.0,0.0,0.0,0.0,1.0,0,1,0,0,0,1,0,0,0,0,0,0,0,1,0,0,0,1,1,0,0,0
1.0,1.0,0.0,1.0,0.0,0.0,0.0,0.0,1.0,0.0,1,0,0,0,0,1,0,0,0,0,0,1,0,0,0,0,0,1,1,0,0,0
1.0,1.0,0.0,0.0,0.0,1.0,0.0,0.0,1.0,0.0,0,0,0,1,0,0,0,1,0,0,0,1,0,0,0,0,1,0,1,0,0,0
1.0,1.0,0.0,0.0,0.0,1.0,0.0,0.0,1.0,0.0,0,0,1,0,0,1,0,0,0,0,0,1,0,0,0,1,0,0,1,0,0,0
1.0,0.0,0.0,0.0,1.0,0.0,0.0,0.0,1.0,0.0,0,0,1,0,1,0,0,0,0,0,0,0,0,1,0,0,0,1,0,1,0,0
0.0,0.0,0.0,0.0,1.0,0.0,0.0,0.0,1.0,0.0,1,0,0,0,0,1,0,0,0,0,0,0,0,1,0,0,0,1,0,1,0,0
0.0,0.0,1.0,0.0,0.0,0.0,0.0,0.0,0.0,1.0,0,0,1,0,0,0,1,0,0,0,0,1,0,0,0,1,0,0,1,0,0,0
0.0,0.0,0.0,1.0,0.0,0.0,0.0,0.0,1.0,0.0,0,0,1,0,0,1,0,0,0,0,0,0,1,0,0,1,0,0,1,0,0,0
0.0,0.0,0.0,0.0,0.0,1.0,0.0,0.0,0.0,1.0,1,0,0,0,0,1,0,0,0,1,0,0,0,0,0,0,1,0,1,0,0,0
1.0,1.0,0.0,0.0,0.0,1.0,0.0,0.0,1.0,0.0,0,0,0,1,0,0,1,0,0,0,0,1,0,0,1,0,0,0,1,0,0,0
0.0,0.0,0.0,0.0,0.0,1.0,0.0,0.0,1.0,0.0,0,1,0,0,0,1,0,0,0,0,0,1,0,0,0,1,0,0,1,0,0,0
1.0,0.0,0.0,1.0,0.0,0.0,0.0,0.0,1.0,0.0,1,0,0,0,0,1,0,0,0,0,0,0,1,0,0,1,0,0,0,1,0,0
1.0,1.0,0.0,1.0,0.0,0.0,0.0,0.0,0.0,1.0,0,1,0,0,0,1,0,0,0,0,0,1,0,0,0,0,0,1,0,1,0,0
1.0,0.0,0.0,0.0,0.0,0.0,1.0,0.0,1.0,0.0,0,0,0,1,0,1,0,0,0,0,1,0,0,0,0,1,0,0,0,1,0,0
1.0,1.0,0.0,0.0,0.0,1.0,0.0,0.0,1.0,0.0,1,0,0,0,0,0,1,0,0,1,0,0,0,0,0,1,0,0,1,0,0,0
1.0,0.0,0.0,0.0,0.0,1.0,0.0,1.0,0.0,0.0,0,1,0,0,0,1,0,0,0,1,0,0,0,0,0,0,0,1,1,0,0,0
1.0,0.0,0.0,1.0,0.0,0.0,0.0,0.0,1.0,0.0,0,0,1,0,0,1,0,0,0,0,0,0,0,1,0,0,0,1,0,1,0,0
1.0,0.0,0.0,1.0,0.0,0.0,0.0,0.0,1.0,0.0,1,0,0,0,1,0,0,0,0,0,1,0,0,0,0,1,0,0,0,1,0,0
1.0,0.0,1.0,0.0,0.0,0.0,0.0,0.0,1.0,0.0,1,0,0,0,0,0,1,0,0,0,0,0,0,1,0,0,0,1,1,0,0,0
1.0,0.0,0.0,0.0,0.0,1.0,0.0,0.0,0.0,1.0,0,1,0,0,1,0,0,0,0,0,0,0,1,0,0,1,0,0,0,1,0,0
1.0,0.0,0.0,0.0,0.0,1.0,0.0,0.0,1.0,0.0,0,1,0,0,0,1,0,0,0,1,0,0,0,0,0,0,0,1,1,0,0,0
1.0,0.0,0.0,0.0,0.0,1.0,0.0,0.0,1.0,0.0,1,0,0,0,1,0,0,0,0,0,0,0,0,1,0,0,0,1,1,0,0,0
1.0,1.0,0.0,0.0,0.0,1.0,0.0,0.0,1.0,0.0,1,0,0,0,0,1,0,0,0,0,0,0,1,0,0,0,1,0,1,0,0,0
1.0,0.0,0.0,0.0,0.0,1.0,0.0,0.0,1.0,0.0,0,1,0,0,0,1,0,0,0,0,0,1,0,0,0,0,0,1,1,0,0,0
1.0,0.0,0.0,0.0,0.0,1.0,0.0,0.0,1.0,0.0,1,0,0,0,0,1,0,0,0,0,0,0,0,1,0,0,0,1,1,0,0,0
0.0,0.0,0.0,0.0,0.0,1.0,0.0,1.0,0.0,0.0,0,1,0,0,0,1,0,0,0,0,0,1,0,0,0,0,0,1,1,0,0,0
1.0,0.0,0.0,1.0,0.0,0.0,0.0,0.0,1.0,0.0,0,0,1,0,0,0,1,0,0,1,0,0,0,0,0,0,1,0,1,0,0,0
