credit,sex,checking_acc,saving_acc,atual_employ_since,installment_rate,credits_at_bank,credit_historic_All cr at this bank paid,credit_historic_Critical acc/Other cr existing,credit_historic_Delay in paying,credit_historic_Existing credits paid,credit_historic_No cr taken/all cr paid,housing_For free,housing_Own,housing_Rent
0.0,1.0,0.6666666666666666,0.25,0.5,0.3333333333333333,0.0,0.0,0.0,0.0,1.0,0.0,0.0,1.0,0.0
1.0,0.0,0.0,0.25,0.75,0.3333333333333333,0.0,0.0,1.0,0.0,0.0,0.0,0.0,1.0,0.0
1.0,0.0,0.3333333333333333,0.25,0.75,0.3333333333333333,0.0,0.0,0.0,0.0,1.0,0.0,1.0,0.0,0.0
0.0,0.0,0.3333333333333333,0.25,0.5,0.6666666666666667,0.3333333333333333,0.0,0.0,1.0,0.0,0.0,1.0,0.0,0.0
1.0,0.0,0.0,0.0,0.5,0.3333333333333333,0.0,0.0,0.0,0.0,1.0,0.0,1.0,0.0,0.0
1.0,0.0,0.0,0.75,1.0,0.6666666666666667,0.0,0.0,0.0,0.0,1.0,0.0,0.0,1.0,0.0
1.0,0.0,0.6666666666666666,0.25,0.5,0.3333333333333333,0.0,0.0,0.0,0.0,1.0,0.0,0.0,0.0,1.0
1.0,0.0,0.0,1.0,0.75,0.3333333333333333,0.0,0.0,0.0,0.0,1.0,0.0,0.0,1.0,0.0
0.0,0.0,0.6666666666666666,0.25,0.0,1.0,0.3333333333333333,0.0,1.0,0.0,0.0,0.0,0.0,1.0,0.0
0.0,1.0,0.6666666666666666,0.25,0.25,0.6666666666666667,0.0,0.0,0.0,0.0,1.0,0.0,0.0,0.0,1.0
0.0,1.0,0.3333333333333333,0.25,0.25,0.6666666666666667,0.0,0.0,0.0,0.0,1.0,0.0,0.0,0.0,1.0
1.0,1.0,0.6666666666666666,0.25,0.5,0.0,0.0,0.0,0.0,0.0,1.0,0.0,0.0,1.0,0.0
0.0,0.0,0.3333333333333333,0.25,1.0,1.0,0.3333333333333333,0.0,1.0,0.0,0.0,0.0,0.0,1.0,0.0
1.0,1.0,0.3333333333333333,0.25,0.5,0.3333333333333333,0.0,0.0,0.0,0.0,1.0,0.0,0.0,0.0,1.0
0.0,1.0,0.3333333333333333,0.5,0.5,1.0,0.0,0.0,0.0,0.0,1.0,0.0,0.0,1.0,0.0
1.0,0.0,0.0,0.0,1.0,1.0,0.3333333333333333,0.0,1.0,0.0,0.0,0.0,0.0,1.0,0.0
1.0,0.0,0.3333333333333333,0.0,0.25,0.3333333333333333,0.6666666666666667,0.0,0.0,0.0,0.0,1.0,0.0,1.0,0.0
0.0,1.0,0.6666666666666666,0.25,1.0,1.0,0.0,0.0,0.0,0.0,1.0,0.0,1.0,0.0,0.0
1.0,0.0,0.0,0.75,1.0,0.6666666666666667,0.0,0.0,0.0,0.0,1.0,0.0,0.0,1.0,0.0
1.0,0.0,0.0,0.25,0.5,1.0,0.6666666666666667,0.0,1.0,0.0,0.0,0.0,0.0,1.0,0.0
1.0,0.0,0.3333333333333333,0.75,0.5,0.3333333333333333,0.0,0.0,0.0,0.0,1.0,0.0,0.0,0.0,1.0
1.0,0.0,0.3333333333333333,0.25,0.25,0.0,0.3333333333333333,0.0,1.0,0.0,0.0,0.0,0.0,0.0,1.0
1.0,0.0,0.6666666666666666,0.5,0.25,0.6666666666666667,0.0,0.0,1.0,0.0,0.0,0.0,0.0,1.0,0.0
1.0,0.0,0.0,0.0,0.5,0.3333333333333333,0.3333333333333333,0.0,1.0,0.0,0.0,0.0,0.0,1.0,0.0
1.0,0.0,0.3333333333333333,0.25,0.5,0.0,0.0,0.0,0.0,0.0,1.0,0.0,0.0,1.0,0.0
1.0,0.0,0.0,0.25,1.0,1.0,0.0,0.0,0.0,0.0,0.0,1.0,0.0,1.0,0.0
1.0,1.0,1.0,1.0,0.5,0.6666666666666667,0.3333333333333333,1.0,0.0,0.0,0.0,0.0,0.0,0.0,1.0
1.0,0.0,0.6666666666666666,0.25,0.5,0.6666666666666667,0.0,0.0,0.0,0.0,1.0,0.0,0.0,1.0,0.0
0.0,0.0,0.3333333333333333,0.25,1.0,0.6666666666666667,0.3333333333333333,0.0,0.0,1.0,0.0,0.0,0.0,1.0,0.0
1.0,0.0,0.6666666666666666,1.0,0.25,0.6666666666666667,0.0,0.0,0.0,0.0,1.0,0.0,0.0,1.0,0.0
1.0,0.0,0.3333333333333333,0.25,0.5,0.3333333333333333,0.0,0.0,0.0,0.0,1.0,0.0,0.0,1.0,0.0
1.0,0.0,0.6666666666666666,0.5,0.5,0.3333333333333333,0.3333333333333333,0.0,0.0,0.0,1.0,0.0,0.0,1.0,0.0
1.0,0.0,0.0,0.0,1.0,1.0,0.0,0.0,1.0,0.0,0.0,0.0,0.0,0.0,1.0
1.0,1.0,1.0,0.25,0.25,1.0,0.0,0.0,0.0,0.0,1.0,0.0,0.0,1.0,0.0
0.0,0.0,0.6666666666666666,0.25,0.25,1.0,0.3333333333333333,0.0,1.0,0.0,0.0,0.0,0.0,1.0,0.0
1.0,0.0,0.0,0.25,0.5,0.0,0.0,0.0,1.0,0.0,0.0,0.0,1.0,0.0,0.0
0.0,0.0,1.0,0.25,0.5,1.0,0.0,0.0,0.0,0.0,1.0,0.0,0.0,1.0,0.0
1.0,0.0,1.0,0.25,0.5,0.3333333333333333,0.0,0.0,0.0,0.0,1.0,0.0,0.0,1.0,0.0
1.0,0.0,0.6666666666666666,0.25,0.5,1.0,0.0,0.0,0.0,0.0,1.0,0.0,0.0,1.0,0.0
1.0,0.0,0.0,0.75,1.0,1.0,0.0,0.0,0.0,0.0,1.0,0.0,0.0,1.0,0.0
1.0,0.0,0.6666666666666666,0.75,0.5,0.6666666666666667,0.0,0.0,0.0,0.0,1.0,0.0,0.0,1.0,0.0
1.0,0.0,0.6666666666666666,0.25,0.5,0.3333333333333333,0.0,0.0,0.0,1.0,0.0,0.0,0.0,1.0,0.0
1.0,0.0,0.3333333333333333,0.5,0.75,0.0,0.3333333333333333,0.0,1.0,0.0,0.0,0.0,0.0,0.0,1.0
0.0,1.0,0.3333333333333333,0.25,1.0,1.0,0.3333333333333333,0.0,1.0,0.0,0.0,0.0,1.0,0.0,0.0
1.0,1.0,0.0,0.25,0.25,1.0,0.3333333333333333,0.0,1.0,0.0,0.0,0.0,0.0,1.0,0.0
1.0,0.0,0.0,0.75,1.0,1.0,0.0,0.0,0.0,0.0,1.0,0.0,0.0,1.0,0.0
1.0,1.0,0.3333333333333333,0.75,0.0,0.0,0.0,0.0,0.0,0.0,1.0,0.0,0.0,0.0,1.0
1.0,0.0,0.0,0.25,0.5,0.0,0.3333333333333333,0.0,1.0,0.0,0.0,0.0,0.0,1.0,0.0
1.0,1.0,0.0,0.5,0.5,1.0,0.0,0.0,0.0,0.0,1.0,0.0,0.0,1.0,0.0
1.0,0.0,0.6666666666666666,0.0,0.25,1.0,0.0,0.0,0.0,1.0,0.0,0.0,0.0,1.0,0.0
1.0,0.0,0.6666666666666666,0.25,1.0,0.0,0.3333333333333333,0.0,0.0,1.0,0.0,0.0,0.0,1.0,0.0
1.0,0.0,0.0,0.25,0.5,0.6666666666666667,0.0,0.0,0.0,0.0,1.0,0.0,0.0,1.0,0.0
1.0,0.0,0.0,0.0,0.5,0.3333333333333333,0.0,0.0,0.0,0.0,1.0,0.0,0.0,1.0,0.0
0.0,0.0,0.6666666666666666,0.25,1.0,1.0,0.3333333333333333,0.0,0.0,1.0,0.0,0.0,1.0,0.0,0.0
1.0,0.0,0.0,0.0,0.5,0.0,0.0,1.0,0.0,0.0,0.0,0.0,0.0,1.0,0.0
0.0,0.0,0.6666666666666666,0.0,0.0,0.3333333333333333,0.0,0.0,0.0,0.0,1.0,0.0,0.0,1.0,0.0
1.0,1.0,0.0,0.25,0.5,0.3333333333333333,0.3333333333333333,0.0,1.0,0.0,0.0,0.0,0.0,1.0,0.0
1.0,1.0,1.0,0.25,1.0,0.6666666666666667,0.0,0.0,0.0,0.0,1.0,0.0,0.0,1.0,0.0
0.0,1.0,0.3333333333333333,0.25,0.25,1.0,0.3333333333333333,0.0,1.0,0.0,0.0,0.0,0.0,0.0,1.0
1.0,0.0,0.6666666666666666,0.25,0.5,0.3333333333333333,0.0,0.0,0.0,0.0,1.0,0.0,0.0,1.0,0.0
1.0,0.0,0.6666666666666666,0.0,1.0,1.0,0.3333333333333333,0.0,1.0,0.0,0.0,0.0,0.0,1.0,0.0
0.0,0.0,0.6666666666666666,0.25,1.0,1.0,0.0,0.0,0.0,0.0,0.0,1.0,1.0,0.0,0.0
0.0,0.0,0.6666666666666666,0.25,0.5,0.3333333333333333,0.0,0.0,0.0,0.0,0.0,1.0,0.0,1.0,0.0
1.0,1.0,0.0,0.25,0.25,1.0,0.0,0.0,0.0,0.0,1.0,0.0,0.0,1.0,0.0
1.0,0.0,0.0,0.0,1.0,1.0,1.0,0.0,0.0,0.0,1.0,0.0,0.0,1.0,0.0
1.0,1.0,0.0,0.25,0.25,0.3333333333333333,0.0,0.0,0.0,0.0,1.0,0.0,0.0,1.0,0.0
1.0,0.0,0.6666666666666666,1.0,0.5,1.0,0.0,0.0,0.0,0.0,1.0,0.0,0.0,1.0,0.0
0.0,0.0,0.0,0.25,0.5,1.0,0.0,0.0,0.0,0.0,1.0,0.0,1.0,0.0,0.0
1.0,1.0,0.0,0.0,0.5,1.0,0.0,0.0,0.0,0.0,1.0,0.0,0.0,1.0,0.0
1.0,1.0,0.0,0.25,0.5,0.0,0.0,0.0,0.0,0.0,1.0,0.0,0.0,1.0,0.0
1.0,0.0,0.0,0.0,1.0,1.0,0.3333333333333333,0.0,1.0,0.0,0.0,0.0,0.0,0.0,1.0
1.0,0.0,0.3333333333333333,0.25,1.0,0.6666666666666667,0.3333333333333333,0.0,1.0,0.0,0.0,0.0,1.0,0.0,0.0
1.0,1.0,0.6666666666666666,0.25,0.75,0.3333333333333333,0.3333333333333333,0.0,1.0,0.0,0.0,0.0,0.0,1.0,0.0
0.0,0.0,0.3333333333333333,0.0,1.0,1.0,0.0,0.0,0.0,0.0,1.0,0.0,0.0,1.0,0.0
1.0,0.0,0.3333333333333333,0.25,1.0,1.0,0.3333333333333333,0.0,1.0,0.0,0.0,0.0,1.0,0.0,0.0
0.0,0.0,0.3333333333333333,0.25,0.25,1.0,0.0,0.0,0.0,0.0,1.0,0.0,0.0,1.0,0.0
1.0,0.0,0.6666666666666666,0.25,0.75,0.3333333333333333,0.0,0.0,0.0,1.0,0.0,0.0,0.0,1.0,0.0
1.0,0.0,0.0,0.0,0.5,0.3333333333333333,0.0,0.0,0.0,0.0,0.0,1.0,0.0,1.0,0.0
1.0,0.0,0.6666666666666666,0.25,0.25,0.3333333333333333,0.0,0.0,0.0,0.0,1.0,0.0,0.0,1.0,0.0
0.0,1.0,0.0,0.0,0.25,0.0,0.3333333333333333,0.0,0.0,0.0,1.0,0.0,0.0,1.0,0.0
1.0,0.0,0.0,0.75,1.0,1.0,0.0,0.0,0.0,0.0,1.0,0.0,0.0,1.0,0.0
1.0,1.0,0.0,0.5,0.5,0.6666666666666667,0.0,0.0,0.0,0.0,1.0,0.0,0.0,0.0,1.0
1.0,1.0,0.3333333333333333,0.25,1.0,1.0,0.0,0.0,0.0,0.0,1.0,0.0,0.0,1.0,0.0
1.0,0.0,0.3333333333333333,0.25,1.0,0.6666666666666667,0.0,0.0,0.0,0.0,1.0,0.0,0.0,1.0,0.0
1.0,1.0,0.0,0.25,0.5,1.0,0.3333333333333333,0.0,1.0,0.0,0.0,0.0,0.0,1.0,0.0
1.0,1.0,0.6666666666666666,0.25,0.25,1.0,0.3333333333333333,0.0,1.0,0.0,0.0,0.0,0.0,1.0,0.0
0.0,0.0,0.6666666666666666,0.5,0.5,0.0,0.0,0.0,0.0,0.0,1.0,0.0,1.0,0.0,0.0
1.0,0.0,0.3333333333333333,0.5,0.75,1.0,0.0,0.0,0.0,0.0,1.0,0.0,0.0,1.0,0.0
0.0,0.0,0.3333333333333333,0.25,0.75,1.0,0.3333333333333333,0.0,0.0,0.0,0.0,1.0,0.0,1.0,0.0
1.0,0.0,0.0,0.25,1.0,1.0,0.0,0.0,1.0,0.0,0.0,0.0,0.0,1.0,0.0
1.0,0.0,0.3333333333333333,0.25,1.0,1.0,0.0,0.0,1.0,0.0,0.0,0.0,0.0,1.0,0.0
0.0,1.0,0.0,0.0,1.0,1.0,0.0,0.0,1.0,0.0,0.0,0.0,0.0,1.0,0.0
1.0,0.0,1.0,0.0,1.0,1.0,0.3333333333333333,0.0,1.0,0.0,0.0,0.0,0.0,0.0,1.0
1.0,0.0,0.6666666666666666,1.0,1.0,1.0,0.0,0.0,0.0,0.0,1.0,0.0,0.0,1.0,0.0
0.0,0.0,0.6666666666666666,0.25,0.25,0.6666666666666667,0.0,0.0,0.0,0.0,0.0,1.0,0.0,0.0,1.0
1.0,1.0,0.0,0.0,0.75,1.0,0.0,0.0,1.0,0.0,0.0,0.0,0.0,1.0,0.0
1.0,0.0,0.6666666666666666,0.5,0.5,1.0,0.0,0.0,0.0,0.0,1.0,0.0,0.0,1.0,0.0
1.0,0.0,0.6666666666666666,0.25,1.0,1.0,0.0,0.0,1.0,0.0,0.0,0.0,0.0,1.0,0.0
1.0,0.0,0.6666666666666666,0.0,0.75,0.6666666666666667,0.3333333333333333,0.0,0.0,1.0,0.0,0.0,0.0,0.0,1.0
1.0,0.0,0.0,0.5,1.0,1.0,0.0,0.0,0.0,0.0,1.0,0.0,0.0,0.0,1.0
1.0,0.0,0.6666666666666666,0.25,0.75,1.0,0.0,0.0,0.0,0.0,1.0,0.0,0.0,0.0,1.0
1.0,1.0,0.0,0.25,0.5,0.6666666666666667,0.0,0.0,0.0,1.0,0.0,0.0,0.0,1.0,0.0
1.0,0.0,0.6666666666666666,0.25,0.75,1.0,0.0,0.0,1.0,0.0,0.0,0.0,0.0,0.0,1.0
1.0,0.0,0.0,0.0,0.25,0.3333333333333333,0.0,0.0,0.0,0.0,1.0,0.0,0.0,0.0,1.0
0.0,0.0,0.6666666666666666,0.25,0.5,0.3333333333333333,0.3333333333333333,0.0,1.0,0.0,0.0,0.0,0.0,1.0,0.0
0.0,0.0,0.0,0.25,1.0,0.3333333333333333,0.3333333333333333,1.0,0.0,0.0,0.0,0.0,0.0,1.0,0.0
1.0,0.0,0.6666666666666666,0.25,0.75,0.3333333333333333,0.0,0.0,0.0,0.0,1.0,0.0,0.0,1.0,0.0
1.0,1.0,0.3333333333333333,0.0,0.25,0.0,0.0,0.0,0.0,0.0,1.0,0.0,0.0,1.0,0.0
1.0,0.0,0.6666666666666666,0.75,1.0,0.0,0.0,0.0,0.0,0.0,1.0,0.0,0.0,1.0,0.0
1.0,0.0,0.6666666666666666,0.5,1.0,0.0,0.3333333333333333,0.0,0.0,1.0,0.0,0.0,0.0,1.0,0.0
1.0,1.0,1.0,0.25,0.25,1.0,0.0,0.0,0.0,0.0,1.0,0.0,0.0,0.0,1.0
1.0,0.0,0.6666666666666666,0.25,0.75,0.6666666666666667,0.0,0.0,0.0,0.0,1.0,0.0,0.0,0.0,1.0
0.0,1.0,0.0,0.25,0.5,1.0,0.3333333333333333,0.0,1.0,0.0,0.0,0.0,0.0,1.0,0.0
1.0,0.0,0.3333333333333333,0.75,1.0,0.6666666666666667,0.0,0.0,0.0,0.0,1.0,0.0,0.0,1.0,0.0
1.0,0.0,0.0,0.0,1.0,1.0,0.0,0.0,1.0,0.0,0.0,0.0,0.0,1.0,0.0
0.0,1.0,0.3333333333333333,0.0,0.75,1.0,0.0,0.0,0.0,0.0,1.0,0.0,0.0,1.0,0.0
1.0,1.0,0.3333333333333333,0.0,0.25,0.3333333333333333,0.3333333333333333,0.0,1.0,0.0,0.0,0.0,0.0,0.0,1.0
0.0,1.0,0.3333333333333333,0.75,0.5,0.0,0.3333333333333333,0.0,1.0,0.0,0.0,0.0,0.0,1.0,0.0
1.0,0.0,0.6666666666666666,0.75,0.75,0.6666666666666667,0.0,0.0,1.0,0.0,0.0,0.0,0.0,1.0,0.0
0.0,1.0,0.3333333333333333,0.25,0.5,0.6666666666666667,0.3333333333333333,0.0,0.0,0.0,1.0,0.0,0.0,1.0,0.0
1.0,1.0,0.0,0.25,1.0,1.0,0.3333333333333333,0.0,1.0,0.0,0.0,0.0,0.0,0.0,1.0
1.0,0.0,0.0,0.25,0.5,0.6666666666666667,0.0,0.0,0.0,0.0,1.0,0.0,0.0,0.0,1.0
1.0,0.0,1.0,0.25,1.0,1.0,0.3333333333333333,0.0,1.0,0.0,0.0,0.0,1.0,0.0,0.0
0.0,1.0,0.6666666666666666,0.0,0.25,1.0,0.0,0.0,0.0,0.0,1.0,0.0,0.0,0.0,1.0
1.0,0.0,0.3333333333333333,0.25,0.5,1.0,0.3333333333333333,0.0,1.0,0.0,0.0,0.0,0.0,1.0,0.0
1.0,0.0,0.3333333333333333,0.25,0.5,1.0,0.0,0.0,0.0,0.0,1.0,0.0,0.0,1.0,0.0
0.0,0.0,0.6666666666666666,0.25,0.5,1.0,0.0,0.0,0.0,0.0,1.0,0.0,0.0,1.0,0.0
1.0,0.0,0.6666666666666666,0.25,0.0,1.0,0.3333333333333333,0.0,1.0,0.0,0.0,0.0,0.0,1.0,0.0
0.0,1.0,0.3333333333333333,0.25,0.5,0.6666666666666667,0.3333333333333333,0.0,1.0,0.0,0.0,0.0,0.0,1.0,0.0
1.0,1.0,0.6666666666666666,0.0,0.75,0.0,0.0,0.0,0.0,0.0,1.0,0.0,0.0,1.0,0.0
0.0,0.0,0.3333333333333333,0.25,0.5,1.0,0.0,0.0,0.0,1.0,0.0,0.0,0.0,1.0,0.0
1.0,0.0,0.0,0.25,0.25,0.3333333333333333,0.3333333333333333,0.0,0.0,0.0,1.0,0.0,0.0,1.0,0.0
1.0,0.0,0.0,0.25,0.5,1.0,0.3333333333333333,0.0,0.0,0.0,1.0,0.0,1.0,0.0,0.0
1.0,1.0,0.0,0.5,0.75,0.3333333333333333,0.0,0.0,0.0,0.0,1.0,0.0,0.0,1.0,0.0
1.0,1.0,0.0,0.0,1.0,1.0,0.3333333333333333,0.0,1.0,0.0,0.0,0.0,0.0,1.0,0.0
1.0,0.0,0.0,1.0,0.5,0.3333333333333333,0.3333333333333333,0.0,0.0,1.0,0.0,0.0,0.0,1.0,0.0
0.0,0.0,0.6666666666666666,0.75,0.5,1.0,0.0,0.0,0.0,0.0,1.0,0.0,0.0,1.0,0.0
1.0,0.0,0.6666666666666666,0.0,0.75,1.0,0.6666666666666667,0.0,1.0,0.0,0.0,0.0,0.0,1.0,0.0
1.0,1.0,1.0,0.25,0.5,0.3333333333333333,0.0,0.0,0.0,0.0,1.0,0.0,0.0,0.0,1.0
1.0,0.0,1.0,1.0,0.25,0.3333333333333333,0.0,0.0,0.0,0.0,1.0,0.0,0.0,1.0,0.0
1.0,1.0,0.6666666666666666,0.25,0.25,1.0,0.0,0.0,0.0,0.0,1.0,0.0,0.0,1.0,0.0
1.0,0.0,0.3333333333333333,0.25,0.5,0.6666666666666667,0.0,0.0,0.0,0.0,1.0,0.0,0.0,1.0,0.0
0.0,0.0,0.3333333333333333,0.25,0.5,0.3333333333333333,0.0,0.0,0.0,0.0,1.0,0.0,0.0,1.0,0.0
1.0,1.0,0.0,0.25,0.25,1.0,0.0,0.0,1.0,0.0,0.0,0.0,0.0,1.0,0.0
1.0,0.0,0.6666666666666666,0.5,0.75,1.0,0.0,1.0,0.0,0.0,0.0,0.0,0.0,1.0,0.0
1.0,1.0,0.3333333333333333,0.25,1.0,0.0,0.3333333333333333,0.0,1.0,0.0,0.0,0.0,0.0,1.0,0.0
1.0,1.0,0.0,0.5,0.75,1.0,0.3333333333333333,0.0,1.0,0.0,0.0,0.0,0.0,1.0,0.0
1.0,0.0,0.3333333333333333,0.25,0.5,0.6666666666666667,0.3333333333333333,0.0,1.0,0.0,0.0,0.0,0.0,1.0,0.0
1.0,0.0,0.0,1.0,1.0,1.0,0.3333333333333333,0.0,1.0,0.0,0.0,0.0,0.0,1.0,0.0
1.0,0.0,0.0,0.5,1.0,0.3333333333333333,0.0,0.0,0.0,0.0,1.0,0.0,1.0,0.0,0.0
1.0,0.0,0.0,0.25,0.5,0.0,0.0,0.0,0.0,0.0,1.0,0.0,0.0,1.0,0.0
1.0,0.0,1.0,0.25,0.5,1.0,0.0,0.0,0.0,0.0,1.0,0.0,0.0,1.0,0.0
1.0,1.0,0.6666666666666666,1.0,1.0,0.3333333333333333,0.0,0.0,1.0,0.0,0.0,0.0,0.0,0.0,1.0
1.0,0.0,0.6666666666666666,0.5,0.75,1.0,0.0,0.0,0.0,1.0,0.0,0.0,0.0,0.0,1.0
0.0,1.0,0.3333333333333333,0.25,0.5,0.3333333333333333,0.0,0.0,0.0,0.0,1.0,0.0,0.0,0.0,1.0
1.0,0.0,0.3333333333333333,0.5,1.0,0.6666666666666667,0.3333333333333333,0.0,1.0,0.0,0.0,0.0,0.0,1.0,0.0
1.0,0.0,0.3333333333333333,0.25,1.0,1.0,0.0,1.0,0.0,0.0,0.0,0.0,0.0,1.0,0.0
1.0,0.0,0.6666666666666666,0.5,0.75,0.3333333333333333,0.3333333333333333,0.0,0.0,0.0,1.0,0.0,0.0,1.0,0.0
1.0,0.0,0.0,0.0,0.5,0.0,0.3333333333333333,0.0,1.0,0.0,0.0,0.0,0.0,1.0,0.0
1.0,0.0,0.0,0.5,1.0,0.6666666666666667,0.0,0.0,1.0,0.0,0.0,0.0,0.0,1.0,0.0
1.0,1.0,0.0,0.25,0.25,1.0,0.3333333333333333,0.0,1.0,0.0,0.0,0.0,0.0,1.0,0.0
1.0,0.0,0.0,0.75,0.75,1.0,0.3333333333333333,0.0,0.0,0.0,1.0,0.0,0.0,1.0,0.0
1.0,0.0,0.6666666666666666,0.25,0.0,0.3333333333333333,0.0,0.0,0.0,0.0,1.0,0.0,1.0,0.0,0.0
1.0,0.0,0.0,0.75,1.0,1.0,0.0,0.0,0.0,0.0,1.0,0.0,0.0,1.0,0.0
1.0,0.0,0.0,0.75,0.5,0.0,0.0,0.0,0.0,0.0,1.0,0.0,0.0,1.0,0.0
0.0,1.0,0.3333333333333333,0.25,0.0,1.0,0.0,0.0,0.0,0.0,1.0,0.0,0.0,1.0,0.0
1.0,1.0,0.6666666666666666,1.0,0.25,1.0,0.0,0.0,0.0,0.0,1.0,0.0,0.0,1.0,0.0
1.0,1.0,0.0,0.25,0.75,0.3333333333333333,0.0,0.0,0.0,0.0,1.0,0.0,0.0,0.0,1.0
0.0,0.0,0.6666666666666666,0.25,1.0,1.0,0.3333333333333333,0.0,1.0,0.0,0.0,0.0,0.0,1.0,0.0
0.0,0.0,0.3333333333333333,0.25,1.0,1.0,0.3333333333333333,0.0,0.0,0.0,0.0,1.0,0.0,0.0,1.0
1.0,1.0,0.0,0.25,0.5,1.0,0.0,0.0,0.0,0.0,1.0,0.0,0.0,1.0,0.0
0.0,1.0,0.6666666666666666,0.25,0.0,0.6666666666666667,0.0,0.0,0.0,1.0,0.0,0.0,0.0,1.0,0.0
1.0,0.0,0.6666666666666666,0.25,0.5,1.0,0.0,0.0,0.0,0.0,1.0,0.0,0.0,1.0,0.0
0.0,0.0,0.3333333333333333,0.25,0.25,0.3333333333333333,0.3333333333333333,0.0,0.0,1.0,0.0,0.0,0.0,1.0,0.0
0.0,1.0,0.0,0.0,0.0,1.0,0.0,1.0,0.0,0.0,0.0,0.0,0.0,1.0,0.0
1.0,0.0,0.3333333333333333,0.25,0.5,0.3333333333333333,0.0,0.0,0.0,0.0,1.0,0.0,0.0,1.0,0.0
1.0,0.0,0.3333333333333333,0.75,1.0,1.0,0.3333333333333333,0.0,1.0,0.0,0.0,0.0,0.0,1.0,0.0
1.0,0.0,0.0,0.25,0.75,1.0,0.3333333333333333,0.0,0.0,0.0,1.0,0.0,0.0,0.0,1.0
1.0,0.0,0.3333333333333333,0.25,1.0,1.0,0.3333333333333333,0.0,1.0,0.0,0.0,0.0,0.0,1.0,0.0
0.0,0.0,0.0,0.25,0.25,0.0,0.3333333333333333,0.0,0.0,1.0,0.0,0.0,0.0,1.0,0.0
0.0,0.0,0.6666666666666666,0.25,0.5,0.3333333333333333,0.3333333333333333,0.0,0.0,1.0,0.0,0.0,0.0,1.0,0.0
0.0,0.0,0.3333333333333333,0.0,0.5,1.0,0.3333333333333333,1.0,0.0,0.0,0.0,0.0,0.0,1.0,0.0
1.0,0.0,0.0,1.0,0.5,1.0,0.0,0.0,1.0,0.0,0.0,0.0,0.0,1.0,0.0
0.0,0.0,0.6666666666666666,0.25,1.0,1.0,0.0,0.0,1.0,0.0,0.0,0.0,0.0,1.0,0.0
1.0,0.0,0.0,0.25,0.5,1.0,0.3333333333333333,0.0,1.0,0.0,0.0,0.0,0.0,1.0,0.0
0.0,1.0,0.6666666666666666,0.25,1.0,0.3333333333333333,0.0,1.0,0.0,0.0,0.0,0.0,1.0,0.0,0.0
1.0,0.0,0.6666666666666666,0.25,0.0,0.3333333333333333,0.6666666666666667,0.0,1.0,0.0,0.0,0.0,1.0,0.0,0.0
0.0,0.0,0.3333333333333333,0.5,0.75,1.0,0.0,0.0,0.0,0.0,1.0,0.0,0.0,1.0,0.0
1.0,1.0,0.6666666666666666,0.25,0.5,0.0,0.3333333333333333,0.0,0.0,0.0,0.0,1.0,0.0,1.0,0.0
0.0,0.0,0.0,1.0,0.5,0.3333333333333333,0.6666666666666667,0.0,0.0,0.0,1.0,0.0,0.0,1.0,0.0
0.0,0.0,0.6666666666666666,0.5,0.75,1.0,0.0,0.0,0.0,0.0,0.0,1.0,1.0,0.0,0.0
0.0,0.0,0.6666666666666666,0.25,0.5,1.0,0.0,0.0,0.0,0.0,1.0,0.0,0.0,1.0,0.0
1.0,0.0,0.0,0.25,0.75,0.3333333333333333,0.0,0.0,0.0,0.0,1.0,0.0,0.0,0.0,1.0
0.0,0.0,0.6666666666666666,0.5,0.5,1.0,0.0,0.0,0.0,0.0,1.0,0.0,0.0,0.0,1.0
0.0,1.0,0.6666666666666666,0.25,1.0,0.3333333333333333,0.3333333333333333,0.0,1.0,0.0,0.0,0.0,0.0,1.0,0.0
1.0,1.0,0.0,0.25,0.5,0.0,0.3333333333333333,0.0,1.0,0.0,0.0,0.0,0.0,1.0,0.0
0.0,1.0,0.6666666666666666,0.5,0.25,1.0,1.0,0.0,0.0,0.0,1.0,0.0,0.0,0.0,1.0
1.0,0.0,0.6666666666666666,0.0,1.0,1.0,0.0,0.0,0.0,0.0,1.0,0.0,1.0,0.0,0.0
0.0,0.0,0.6666666666666666,0.25,1.0,1.0,0.0,0.0,0.0,1.0,0.0,0.0,0.0,1.0,0.0
1.0,0.0,0.0,0.75,1.0,1.0,0.3333333333333333,0.0,1.0,0.0,0.0,0.0,0.0,1.0,0.0
1.0,0.0,0.3333333333333333,0.25,0.5,1.0,0.0,0.0,0.0,0.0,1.0,0.0,0.0,1.0,0.0
1.0,0.0,0.0,0.25,0.75,0.6666666666666667,0.3333333333333333,0.0,0.0,1.0,0.0,0.0,0.0,1.0,0.0
0.0,0.0,0.3333333333333333,0.25,0.75,1.0,0.0,0.0,0.0,0.0,1.0,0.0,0.0,0.0,1.0
1.0,0.0,0.0,0.25,1.0,1.0,0.3333333333333333,0.0,1.0,0.0,0.0,0.0,0.0,1.0,0.0
1.0,0.0,0.3333333333333333,0.25,1.0,0.6666666666666667,0.6666666666666667,0.0,1.0,0.0,0.0,0.0,1.0,0.0,0.0
1.0,0.0,0.0,0.25,1.0,1.0,0.6666666666666667,0.0,1.0,0.0,0.0,0.0,0.0,1.0,0.0
1.0,0.0,0.6666666666666666,0.25,0.75,1.0,0.0,0.0,1.0,0.0,0.0,0.0,0.0,1.0,0.0
1.0,0.0,0.3333333333333333,0.25,0.5,0.3333333333333333,0.0,0.0,0.0,0.0,1.0,0.0,0.0,1.0,0.0
1.0,0.0,0.0,1.0,0.75,0.6666666666666667,0.0,0.0,0.0,0.0,1.0,0.0,0.0,1.0,0.0
1.0,0.0,0.0,0.0,0.5,0.0,0.3333333333333333,0.0,1.0,0.0,0.0,0.0,0.0,1.0,0.0
1.0,1.0,0.0,0.0,1.0,0.3333333333333333,0.0,0.0,0.0,0.0,1.0,0.0,0.0,1.0,0.0
0.0,0.0,0.3333333333333333,0.25,0.0,0.3333333333333333,0.3333333333333333,0.0,0.0,0.0,0.0,1.0,0.0,1.0,0.0
0.0,0.0,1.0,0.25,1.0,1.0,0.0,0.0,0.0,1.0,0.0,0.0,0.0,1.0,0.0
1.0,0.0,0.0,0.0,1.0,1.0,0.0,0.0,1.0,0.0,0.0,0.0,0.0,1.0,0.0
1.0,1.0,0.6666666666666666,0.0,0.75,0.0,0.3333333333333333,0.0,1.0,0.0,0.0,0.0,0.0,1.0,0.0
1.0,0.0,0.3333333333333333,0.25,0.75,0.6666666666666667,0.0,0.0,0.0,0.0,0.0,1.0,0.0,1.0,0.0
1.0,0.0,1.0,0.25,0.5,0.3333333333333333,0.0,0.0,0.0,0.0,1.0,0.0,0.0,1.0,0.0
1.0,0.0,0.3333333333333333,0.25,0.5,0.3333333333333333,0.0,0.0,0.0,0.0,1.0,0.0,0.0,0.0,1.0
1.0,1.0,0.0,0.25,0.5,0.3333333333333333,0.0,0.0,0.0,0.0,1.0,0.0,0.0,1.0,0.0
1.0,0.0,0.6666666666666666,0.25,0.25,1.0,0.0,0.0,0.0,0.0,1.0,0.0,0.0,1.0,0.0
1.0,1.0,0.3333333333333333,0.0,0.5,1.0,0.0,0.0,0.0,0.0,1.0,0.0,0.0,0.0,1.0
1.0,0.0,0.0,0.25,0.5,1.0,0.3333333333333333,0.0,0.0,0.0,1.0,0.0,0.0,1.0,0.0
1.0,0.0,0.0,0.0,0.5,1.0,0.3333333333333333,0.0,0.0,1.0,0.0,0.0,0.0,1.0,0.0
1.0,0.0,0.0,0.25,0.5,0.6666666666666667,0.0,0.0,0.0,0.0,1.0,0.0,0.0,1.0,0.0
1.0,0.0,0.0,0.25,0.5,1.0,0.3333333333333333,0.0,0.0,0.0,0.0,1.0,0.0,1.0,0.0
0.0,0.0,0.6666666666666666,1.0,0.75,0.0,0.3333333333333333,0.0,0.0,0.0,1.0,0.0,0.0,1.0,0.0
0.0,0.0,0.3333333333333333,0.25,1.0,1.0,0.0,0.0,0.0,0.0,1.0,0.0,1.0,0.0,0.0
0.0,0.0,0.0,0.25,0.75,1.0,0.0,0.0,0.0,0.0,1.0,0.0,0.0,1.0,0.0
1.0,0.0,0.3333333333333333,0.25,0.25,1.0,0.0,0.0,0.0,0.0,1.0,0.0,1.0,0.0,0.0
0.0,0.0,1.0,0.25,0.5,1.0,0.0,0.0,0.0,0.0,1.0,0.0,0.0,1.0,0.0
1.0,0.0,0.0,0.75,1.0,0.3333333333333333,0.0,0.0,0.0,0.0,1.0,0.0,1.0,0.0,0.0
1.0,0.0,0.0,0.5,0.75,0.6666666666666667,0.0,0.0,0.0,0.0,1.0,0.0,0.0,1.0,0.0
1.0,0.0,0.6666666666666666,0.25,0.5,1.0,0.0,0.0,0.0,0.0,1.0,0.0,0.0,1.0,0.0
1.0,0.0,0.0,0.25,0.75,0.3333333333333333,0.6666666666666667,0.0,1.0,0.0,0.0,0.0,0.0,1.0,0.0
0.0,0.0,0.3333333333333333,0.25,0.0,1.0,0.0,0.0,0.0,0.0,1.0,0.0,0.0,1.0,0.0
0.0,0.0,0.6666666666666666,0.0,0.0,0.0,0.0,0.0,0.0,0.0,1.0,0.0,0.0,1.0,0.0
0.0,0.0,0.6666666666666666,0.5,1.0,1.0,0.3333333333333333,0.0,0.0,0.0,1.0,0.0,0.0,0.0,1.0
1.0,1.0,0.0,0.25,0.5,1.0,0.3333333333333333,0.0,1.0,0.0,0.0,0.0,0.0,1.0,0.0
1.0,0.0,0.3333333333333333,0.25,1.0,0.0,0.0,0.0,0.0,0.0,1.0,0.0,0.0,1.0,0.0
0.0,1.0,0.3333333333333333,0.0,1.0,1.0,0.0,0.0,0.0,0.0,1.0,0.0,0.0,1.0,0.0
1.0,0.0,0.0,0.25,0.75,0.6666666666666667,0.0,0.0,0.0,0.0,1.0,0.0,0.0,1.0,0.0
0.0,0.0,0.3333333333333333,0.25,1.0,0.6666666666666667,0.3333333333333333,0.0,0.0,0.0,0.0,1.0,1.0,0.0,0.0
1.0,1.0,0.0,0.25,0.5,0.6666666666666667,0.3333333333333333,0.0,1.0,0.0,0.0,0.0,0.0,1.0,0.0
1.0,1.0,0.0,0.75,0.5,1.0,0.0,1.0,0.0,0.0,0.0,0.0,0.0,1.0,0.0
1.0,0.0,0.0,0.25,0.75,1.0,0.0,0.0,0.0,0.0,1.0,0.0,0.0,1.0,0.0
1.0,0.0,0.0,0.25,1.0,1.0,0.6666666666666667,0.0,1.0,0.0,0.0,0.0,0.0,1.0,0.0
1.0,0.0,0.0,0.5,0.5,1.0,0.0,0.0,0.0,0.0,0.0,1.0,0.0,0.0,1.0
1.0,0.0,1.0,0.25,0.5,0.3333333333333333,0.0,0.0,0.0,0.0,1.0,0.0,0.0,1.0,0.0
0.0,1.0,0.0,0.25,0.0,0.6666666666666667,0.0,0.0,0.0,0.0,1.0,0.0,0.0,0.0,1.0
1.0,1.0,0.3333333333333333,1.0,0.75,0.6666666666666667,0.3333333333333333,0.0,1.0,0.0,0.0,0.0,0.0,1.0,0.0
1.0,1.0,1.0,0.25,0.5,0.0,0.0,0.0,0.0,0.0,1.0,0.0,0.0,1.0,0.0
0.0,1.0,0.6666666666666666,0.25,0.5,1.0,0.0,0.0,0.0,0.0,1.0,0.0,0.0,1.0,0.0
1.0,0.0,0.0,0.5,0.5,0.3333333333333333,0.3333333333333333,0.0,0.0,1.0,0.0,0.0,0.0,1.0,0.0
1.0,0.0,0.6666666666666666,0.0,0.75,0.3333333333333333,0.0,0.0,0.0,0.0,1.0,0.0,0.0,1.0,0.0
1.0,0.0,0.6666666666666666,0.0,0.5,0.0,0.0,0.0,0.0,1.0,0.0,0.0,0.0,1.0,0.0
1.0,0.0,0.0,0.25,0.5,1.0,0.3333333333333333,0.0,1.0,0.0,0.0,0.0,0.0,1.0,0.0
0.0,0.0,0.3333333333333333,0.25,0.5,1.0,0.0,1.0,0.0,0.0,0.0,0.0,1.0,0.0,0.0
1.0,1.0,0.0,0.5,0.25,0.0,0.0,0.0,0.0,0.0,1.0,0.0,0.0,1.0,0.0
1.0,1.0,0.0,0.5,0.0,1.0,0.6666666666666667,0.0,1.0,0.0,0.0,0.0,0.0,1.0,0.0
1.0,0.0,0.3333333333333333,0.25,0.5,0.3333333333333333,0.0,0.0,0.0,0.0,1.0,0.0,0.0,1.0,0.0
1.0,1.0,0.3333333333333333,0.25,1.0,1.0,0.0,0.0,0.0,0.0,1.0,0.0,0.0,1.0,0.0
1.0,0.0,0.3333333333333333,0.25,1.0,0.3333333333333333,0.6666666666666667,0.0,1.0,0.0,0.0,0.0,1.0,0.0,0.0
1.0,1.0,0.0,0.25,1.0,0.3333333333333333,0.6666666666666667,0.0,1.0,0.0,0.0,0.0,1.0,0.0,0.0
1.0,0.0,0.0,0.25,1.0,0.6666666666666667,0.3333333333333333,0.0,1.0,0.0,0.0,0.0,0.0,1.0,0.0
0.0,0.0,0.6666666666666666,0.25,1.0,1.0,0.0,0.0,0.0,0.0,1.0,0.0,0.0,1.0,0.0
1.0,0.0,0.0,0.0,1.0,1.0,0.3333333333333333,0.0,1.0,0.0,0.0,0.0,0.0,1.0,0.0
1.0,1.0,0.0,0.25,0.25,1.0,0.0,0.0,0.0,0.0,1.0,0.0,0.0,1.0,0.0
0.0,0.0,0.3333333333333333,0.25,1.0,0.0,0.0,0.0,0.0,0.0,1.0,0.0,0.0,1.0,0.0
1.0,0.0,0.0,0.0,1.0,1.0,0.3333333333333333,0.0,0.0,0.0,1.0,0.0,0.0,1.0,0.0
1.0,0.0,0.0,0.0,0.75,1.0,0.0,0.0,0.0,0.0,1.0,0.0,0.0,1.0,0.0
1.0,1.0,0.0,0.75,0.75,0.6666666666666667,0.0,0.0,1.0,0.0,0.0,0.0,0.0,0.0,1.0
1.0,0.0,0.6666666666666666,0.0,0.0,1.0,0.0,1.0,0.0,0.0,0.0,0.0,1.0,0.0,0.0
0.0,0.0,0.6666666666666666,0.25,0.75,1.0,0.3333333333333333,0.0,0.0,0.0,1.0,0.0,0.0,1.0,0.0
0.0,0.0,0.3333333333333333,0.25,0.25,0.0,0.0,0.0,0.0,0.0,1.0,0.0,0.0,1.0,0.0
1.0,0.0,0.0,0.25,0.5,0.0,0.0,0.0,0.0,0.0,1.0,0.0,0.0,1.0,0.0
1.0,1.0,0.0,0.25,0.5,0.3333333333333333,0.3333333333333333,0.0,1.0,0.0,0.0,0.0,0.0,1.0,0.0
1.0,0.0,0.3333333333333333,0.0,1.0,0.3333333333333333,0.0,0.0,0.0,0.0,1.0,0.0,0.0,1.0,0.0
0.0,1.0,0.0,0.25,0.25,0.0,0.0,0.0,0.0,0.0,1.0,0.0,0.0,1.0,0.0
1.0,0.0,0.0,0.5,0.5,1.0,0.0,0.0,0.0,0.0,1.0,0.0,0.0,0.0,1.0
1.0,0.0,0.0,1.0,1.0,0.6666666666666667,0.3333333333333333,0.0,1.0,0.0,0.0,0.0,0.0,0.0,1.0
1.0,0.0,0.0,0.25,0.5,1.0,0.0,0.0,0.0,0.0,1.0,0.0,0.0,1.0,0.0
1.0,0.0,1.0,0.0,0.75,1.0,0.0,1.0,0.0,0.0,0.0,0.0,0.0,1.0,0.0
1.0,0.0,0.0,0.0,1.0,1.0,0.0,0.0,1.0,0.0,0.0,0.0,0.0,1.0,0.0
1.0,0.0,0.6666666666666666,0.5,0.25,1.0,0.0,0.0,1.0,0.0,0.0,0.0,0.0,1.0,0.0
1.0,1.0,0.3333333333333333,0.25,0.25,0.0,0.0,0.0,0.0,0.0,1.0,0.0,0.0,1.0,0.0
1.0,0.0,0.3333333333333333,0.25,0.75,1.0,0.0,0.0,0.0,0.0,1.0,0.0,0.0,1.0,0.0
1.0,0.0,0.6666666666666666,0.5,0.0,0.3333333333333333,0.0,0.0,0.0,1.0,0.0,0.0,1.0,0.0,0.0
1.0,1.0,0.6666666666666666,0.25,0.5,1.0,0.3333333333333333,0.0,0.0,0.0,1.0,0.0,0.0,1.0,0.0
0.0,0.0,0.3333333333333333,0.25,0.25,1.0,0.0,0.0,0.0,1.0,0.0,0.0,0.0,1.0,0.0
1.0,0.0,0.0,0.25,0.5,0.3333333333333333,0.0,0.0,0.0,0.0,1.0,0.0,0.0,1.0,0.0
0.0,0.0,0.6666666666666666,0.25,0.25,0.0,0.0,0.0,0.0,0.0,1.0,0.0,0.0,0.0,1.0
1.0,1.0,0.3333333333333333,0.25,1.0,0.3333333333333333,0.3333333333333333,0.0,1.0,0.0,0.0,0.0,1.0,0.0,0.0
1.0,0.0,1.0,0.25,1.0,1.0,0.0,0.0,1.0,0.0,0.0,0.0,1.0,0.0,0.0
1.0,0.0,0.0,0.0,1.0,1.0,0.3333333333333333,0.0,1.0,0.0,0.0,0.0,0.0,1.0,0.0
0.0,1.0,0.6666666666666666,0.25,0.25,0.0,0.0,0.0,0.0,0.0,1.0,0.0,0.0,1.0,0.0
1.0,1.0,0.0,0.0,0.25,0.0,0.0,0.0,0.0,0.0,1.0,0.0,0.0,0.0,1.0
1.0,0.0,0.0,0.0,1.0,1.0,0.0,0.0,0.0,0.0,1.0,0.0,0.0,1.0,0.0
1.0,0.0,0.0,0.25,0.5,0.6666666666666667,0.0,0.0,0.0,0.0,1.0,0.0,0.0,1.0,0.0
1.0,0.0,0.6666666666666666,1.0,0.75,0.6666666666666667,0.3333333333333333,0.0,1.0,0.0,0.0,0.0,0.0,1.0,0.0
1.0,1.0,0.0,0.25,0.0,0.0,0.0,0.0,0.0,0.0,1.0,0.0,0.0,1.0,0.0
0.0,1.0,0.6666666666666666,0.25,0.5,1.0,0.0,0.0,0.0,0.0,0.0,1.0,0.0,1.0,0.0
0.0,0.0,1.0,0.0,0.75,1.0,0.3333333333333333,0.0,1.0,0.0,0.0,0.0,0.0,1.0,0.0
1.0,0.0,0.3333333333333333,0.25,0.75,1.0,0.3333333333333333,0.0,1.0,0.0,0.0,0.0,0.0,1.0,0.0
0.0,0.0,0.0,0.75,0.5,0.3333333333333333,0.0,0.0,1.0,0.0,0.0,0.0,1.0,0.0,0.0
1.0,0.0,0.0,1.0,0.5,1.0,0.0,0.0,0.0,0.0,1.0,0.0,0.0,1.0,0.0
1.0,1.0,0.0,0.0,0.75,0.3333333333333333,0.0,0.0,0.0,0.0,1.0,0.0,0.0,0.0,1.0
0.0,0.0,0.3333333333333333,0.5,0.25,1.0,0.0,0.0,0.0,0.0,1.0,0.0,0.0,1.0,0.0
0.0,1.0,0.6666666666666666,0.25,0.5,0.6666666666666667,0.0,0.0,0.0,0.0,1.0,0.0,0.0,1.0,0.0
1.0,0.0,0.6666666666666666,0.25,0.5,1.0,0.0,0.0,0.0,0.0,1.0,0.0,0.0,0.0,1.0
1.0,0.0,0.6666666666666666,0.0,0.0,0.6666666666666667,0.0,0.0,0.0,0.0,1.0,0.0,1.0,0.0,0.0
1.0,0.0,0.0,0.5,0.5,1.0,0.0,0.0,0.0,0.0,1.0,0.0,0.0,1.0,0.0
1.0,1.0,1.0,0.25,0.25,0.3333333333333333,0.0,0.0,0.0,0.0,1.0,0.0,0.0,1.0,0.0
0.0,0.0,0.6666666666666666,0.25,0.75,0.3333333333333333,0.0,0.0,0.0,0.0,1.0,0.0,0.0,1.0,0.0
1.0,0.0,1.0,0.0,0.25,0.0,0.0,0.0,0.0,0.0,1.0,0.0,0.0,1.0,0.0
0.0,0.0,0.3333333333333333,0.25,1.0,1.0,0.0,1.0,0.0,0.0,0.0,0.0,0.0,1.0,0.0
1.0,0.0,0.3333333333333333,0.25,0.5,0.3333333333333333,0.0,0.0,0.0,0.0,1.0,0.0,0.0,1.0,0.0
1.0,1.0,0.6666666666666666,0.0,0.5,0.0,0.0,0.0,0.0,0.0,1.0,0.0,0.0,1.0,0.0
1.0,0.0,0.0,0.25,0.5,1.0,0.3333333333333333,0.0,1.0,0.0,0.0,0.0,0.0,1.0,0.0
1.0,1.0,0.3333333333333333,0.25,1.0,0.0,0.3333333333333333,0.0,0.0,1.0,0.0,0.0,0.0,1.0,0.0
0.0,0.0,0.6666666666666666,0.25,0.0,1.0,0.3333333333333333,0.0,1.0,0.0,0.0,0.0,0.0,1.0,0.0
0.0,0.0,0.3333333333333333,0.25,0.25,1.0,0.0,0.0,0.0,0.0,1.0,0.0,0.0,1.0,0.0
1.0,0.0,0.3333333333333333,0.25,0.75,0.3333333333333333,0.0,0.0,0.0,0.0,1.0,0.0,1.0,0.0,0.0
1.0,0.0,0.3333333333333333,1.0,0.5,1.0,0.0,0.0,0.0,0.0,1.0,0.0,0.0,1.0,0.0
1.0,1.0,0.0,0.25,0.5,1.0,0.3333333333333333,0.0,1.0,0.0,0.0,0.0,0.0,1.0,0.0
1.0,0.0,0.3333333333333333,0.25,0.75,0.0,0.3333333333333333,0.0,1.0,0.0,0.0,0.0,0.0,1.0,0.0
1.0,0.0,0.0,0.0,1.0,0.3333333333333333,0.0,0.0,1.0,0.0,0.0,0.0,0.0,0.0,1.0
1.0,1.0,0.0,1.0,0.75,1.0,0.0,0.0,0.0,0.0,1.0,0.0,0.0,1.0,0.0
1.0,0.0,1.0,0.25,1.0,1.0,0.0,0.0,0.0,0.0,1.0,0.0,0.0,1.0,0.0
1.0,0.0,0.6666666666666666,0.25,1.0,1.0,0.0,0.0,0.0,0.0,1.0,0.0,0.0,1.0,0.0
1.0,0.0,0.3333333333333333,0.25,0.0,0.3333333333333333,0.3333333333333333,0.0,1.0,0.0,0.0,0.0,1.0,0.0,0.0
0.0,1.0,0.0,0.5,0.5,1.0,0.3333333333333333,0.0,1.0,0.0,0.0,0.0,0.0,1.0,0.0
0.0,1.0,0.6666666666666666,0.5,0.25,1.0,0.0,0.0,0.0,0.0,1.0,0.0,0.0,1.0,0.0
0.0,1.0,0.0,0.5,0.5,0.3333333333333333,0.3333333333333333,0.0,1.0,0.0,0.0,0.0,0.0,0.0,1.0
0.0,0.0,0.3333333333333333,0.25,1.0,0.6666666666666667,0.3333333333333333,0.0,0.0,0.0,0.0,1.0,0.0,0.0,1.0
0.0,0.0,0.3333333333333333,0.25,0.5,0.0,0.0,0.0,1.0,0.0,0.0,0.0,0.0,0.0,1.0
1.0,1.0,0.6666666666666666,0.25,0.25,0.3333333333333333,0.0,0.0,0.0,0.0,1.0,0.0,0.0,1.0,0.0
0.0,1.0,0.3333333333333333,0.0,0.5,1.0,0.0,0.0,0.0,0.0,1.0,0.0,0.0,0.0,1.0
1.0,0.0,0.3333333333333333,0.25,0.5,1.0,0.0,0.0,0.0,0.0,1.0,0.0,0.0,1.0,0.0
1.0,0.0,0.6666666666666666,0.25,0.5,1.0,0.0,0.0,0.0,0.0,1.0,0.0,0.0,1.0,0.0
1.0,1.0,0.6666666666666666,0.25,0.25,0.3333333333333333,0.3333333333333333,0.0,1.0,0.0,0.0,0.0,1.0,0.0,0.0
1.0,1.0,0.3333333333333333,0.25,0.75,0.0,0.0,0.0,0.0,0.0,1.0,0.0,0.0,0.0,1.0
1.0,0.0,0.6666666666666666,0.75,0.25,0.0,0.0,0.0,0.0,0.0,1.0,0.0,0.0,0.0,1.0
1.0,0.0,0.6666666666666666,0.25,1.0,0.0,0.0,0.0,0.0,0.0,1.0,0.0,0.0,1.0,0.0
1.0,0.0,1.0,0.25,0.25,0.0,0.0,0.0,0.0,0.0,1.0,0.0,0.0,1.0,0.0
1.0,1.0,0.0,0.25,0.5,1.0,0.0,0.0,1.0,0.0,0.0,0.0,0.0,1.0,0.0
1.0,0.0,0.6666666666666666,0.25,0.25,1.0,0.3333333333333333,0.0,1.0,0.0,0.0,0.0,0.0,1.0,0.0
1.0,1.0,0.6666666666666666,0.75,0.0,0.0,0.0,0.0,0.0,0.0,1.0,0.0,0.0,0.0,1.0
1.0,0.0,0.0,0.5,0.5,0.0,0.3333333333333333,0.0,0.0,1.0,0.0,0.0,0.0,1.0,0.0
0.0,0.0,0.6666666666666666,1.0,1.0,1.0,0.3333333333333333,0.0,1.0,0.0,0.0,0.0,1.0,0.0,0.0
1.0,1.0,0.0,0.25,0.25,0.0,0.0,0.0,0.0,0.0,1.0,0.0,0.0,0.0,1.0
0.0,1.0,0.6666666666666666,0.25,0.5,0.0,0.0,0.0,0.0,0.0,1.0,0.0,0.0,1.0,0.0
1.0,0.0,0.0,0.0,0.0,0.3333333333333333,0.0,0.0,1.0,0.0,0.0,0.0,0.0,1.0,0.0
0.0,0.0,0.3333333333333333,0.25,0.5,1.0,0.3333333333333333,0.0,0.0,0.0,0.0,1.0,0.0,0.0,1.0
1.0,0.0,0.0,0.75,1.0,1.0,0.0,0.0,0.0,0.0,1.0,0.0,1.0,0.0,0.0
0.0,0.0,0.6666666666666666,0.25,0.25,1.0,0.0,0.0,0.0,0.0,1.0,0.0,0.0,1.0,0.0
1.0,0.0,0.0,0.0,1.0,0.0,0.0,0.0,1.0,0.0,0.0,0.0,0.0,1.0,0.0
0.0,0.0,0.0,0.25,0.5,1.0,0.3333333333333333,0.0,0.0,1.0,0.0,0.0,0.0,1.0,0.0
1.0,0.0,0.0,0.25,0.5,1.0,0.0,0.0,0.0,0.0,1.0,0.0,0.0,1.0,0.0
0.0,1.0,0.3333333333333333,0.25,0.75,1.0,0.0,0.0,0.0,0.0,1.0,0.0,0.0,0.0,1.0
1.0,0.0,0.6666666666666666,0.0,0.5,1.0,0.0,0.0,0.0,0.0,1.0,0.0,1.0,0.0,0.0
1.0,0.0,1.0,0.0,1.0,0.3333333333333333,0.0,0.0,0.0,0.0,1.0,0.0,0.0,1.0,0.0
1.0,1.0,1.0,0.25,0.5,0.3333333333333333,0.3333333333333333,0.0,0.0,1.0,0.0,0.0,0.0,1.0,0.0
1.0,0.0,0.0,0.25,0.5,0.0,0.0,0.0,0.0,0.0,1.0,0.0,0.0,0.0,1.0
0.0,0.0,0.3333333333333333,0.25,0.0,1.0,0.0,0.0,0.0,0.0,1.0,0.0,0.0,1.0,0.0
1.0,0.0,0.0,0.25,0.75,0.3333333333333333,0.0,0.0,0.0,0.0,1.0,0.0,0.0,1.0,0.0
1.0,0.0,0.0,0.25,0.75,0.6666666666666667,0.3333333333333333,0.0,1.0,0.0,0.0,0.0,0.0,1.0,0.0
1.0,1.0,0.3333333333333333,0.25,0.25,0.0,0.0,0.0,0.0,0.0,1.0,0.0,0.0,0.0,1.0
0.0,0.0,0.3333333333333333,0.25,1.0,1.0,0.0,0.0,0.0,0.0,1.0,0.0,0.0,1.0,0.0
1.0,1.0,0.6666666666666666,0.25,0.75,0.3333333333333333,0.0,0.0,0.0,0.0,1.0,0.0,0.0,0.0,1.0
1.0,0.0,0.0,0.0,0.5,1.0,0.0,0.0,0.0,0.0,1.0,0.0,0.0,1.0,0.0
1.0,0.0,0.0,0.25,1.0,0.6666666666666667,0.3333333333333333,0.0,1.0,0.0,0.0,0.0,0.0,1.0,0.0
1.0,1.0,0.0,0.25,0.25,0.0,0.3333333333333333,0.0,1.0,0.0,0.0,0.0,0.0,0.0,1.0
1.0,0.0,0.0,0.0,1.0,0.3333333333333333,0.0,0.0,1.0,0.0,0.0,0.0,1.0,0.0,0.0
0.0,1.0,0.6666666666666666,0.5,1.0,0.6666666666666667,0.3333333333333333,1.0,0.0,0.0,0.0,0.0,1.0,0.0,0.0
0.0,1.0,0.3333333333333333,0.25,0.75,0.3333333333333333,0.0,1.0,0.0,0.0,0.0,0.0,0.0,0.0,1.0
1.0,0.0,0.0,0.25,0.0,0.3333333333333333,0.3333333333333333,0.0,0.0,1.0,0.0,0.0,0.0,1.0,0.0
1.0,0.0,0.0,0.0,1.0,0.6666666666666667,0.0,0.0,0.0,1.0,0.0,0.0,1.0,0.0,0.0
0.0,0.0,0.6666666666666666,0.25,1.0,1.0,0.0,0.0,0.0,0.0,1.0,0.0,1.0,0.0,0.0
1.0,1.0,0.0,0.5,0.5,1.0,0.3333333333333333,0.0,1.0,0.0,0.0,0.0,0.0,1.0,0.0
1.0,0.0,0.3333333333333333,0.0,0.75,1.0,0.0,0.0,0.0,0.0,1.0,0.0,0.0,1.0,0.0
0.0,1.0,0.6666666666666666,0.25,0.0,0.6666666666666667,0.0,0.0,0.0,0.0,1.0,0.0,1.0,0.0,0.0
1.0,1.0,0.0,0.0,0.75,1.0,0.0,0.0,0.0,0.0,1.0,0.0,0.0,0.0,1.0
1.0,0.0,1.0,0.25,0.25,1.0,0.0,0.0,0.0,0.0,1.0,0.0,0.0,1.0,0.0
1.0,0.0,0.0,0.5,0.5,0.3333333333333333,0.3333333333333333,0.0,0.0,1.0,0.0,0.0,0.0,1.0,0.0
1.0,1.0,0.0,0.25,0.5,0.3333333333333333,0.3333333333333333,0.0,1.0,0.0,0.0,0.0,0.0,1.0,0.0
1.0,1.0,0.0,0.0,0.25,1.0,0.0,0.0,0.0,0.0,1.0,0.0,0.0,0.0,1.0
1.0,0.0,0.6666666666666666,0.25,0.0,1.0,0.3333333333333333,0.0,1.0,0.0,0.0,0.0,0.0,1.0,0.0
1.0,0.0,0.6666666666666666,0.75,0.5,0.3333333333333333,0.0,0.0,1.0,0.0,0.0,0.0,0.0,1.0,0.0
1.0,1.0,0.0,0.25,0.75,0.6666666666666667,0.3333333333333333,0.0,0.0,0.0,1.0,0.0,0.0,1.0,0.0
1.0,0.0,0.0,0.25,0.5,0.3333333333333333,0.0,0.0,0.0,0.0,1.0,0.0,0.0,1.0,0.0
1.0,1.0,0.6666666666666666,1.0,0.25,0.0,0.0,0.0,0.0,0.0,1.0,0.0,0.0,0.0,1.0
1.0,0.0,0.3333333333333333,0.25,0.75,0.3333333333333333,0.0,0.0,0.0,0.0,1.0,0.0,1.0,0.0,0.0
1.0,1.0,0.3333333333333333,0.25,0.75,0.0,0.0,0.0,1.0,0.0,0.0,0.0,0.0,1.0,0.0
1.0,0.0,0.0,0.25,0.0,0.3333333333333333,0.0,0.0,1.0,0.0,0.0,0.0,0.0,1.0,0.0
1.0,0.0,0.6666666666666666,0.5,0.75,0.3333333333333333,0.0,0.0,0.0,1.0,0.0,0.0,0.0,0.0,1.0
1.0,1.0,0.3333333333333333,0.25,0.0,0.6666666666666667,0.0,0.0,0.0,0.0,1.0,0.0,1.0,0.0,0.0
1.0,0.0,0.3333333333333333,0.25,0.5,0.6666666666666667,0.3333333333333333,0.0,1.0,0.0,0.0,0.0,0.0,1.0,0.0
0.0,0.0,0.6666666666666666,0.25,1.0,0.0,0.3333333333333333,0.0,0.0,0.0,1.0,0.0,0.0,0.0,1.0
1.0,1.0,0.0,1.0,0.5,1.0,0.3333333333333333,0.0,1.0,0.0,0.0,0.0,0.0,1.0,0.0
1.0,0.0,0.0,0.25,0.25,0.6666666666666667,0.0,0.0,0.0,0.0,1.0,0.0,0.0,1.0,0.0
1.0,0.0,0.6666666666666666,0.0,0.5,1.0,0.3333333333333333,0.0,1.0,0.0,0.0,0.0,0.0,1.0,0.0
0.0,0.0,0.0,0.25,0.25,0.3333333333333333,0.3333333333333333,0.0,0.0,1.0,0.0,0.0,0.0,1.0,0.0
1.0,0.0,0.0,0.25,0.5,1.0,0.3333333333333333,0.0,0.0,1.0,0.0,0.0,0.0,1.0,0.0
1.0,0.0,0.6666666666666666,0.0,1.0,1.0,0.0,0.0,0.0,1.0,0.0,0.0,0.0,1.0,0.0
0.0,0.0,0.6666666666666666,0.25,0.25,0.0,0.0,0.0,0.0,0.0,1.0,0.0,0.0,1.0,0.0
1.0,0.0,0.0,0.0,0.75,1.0,0.3333333333333333,0.0,1.0,0.0,0.0,0.0,0.0,1.0,0.0
1.0,0.0,0.3333333333333333,0.25,0.25,1.0,0.0,0.0,0.0,0.0,1.0,0.0,0.0,1.0,0.0
1.0,0.0,0.0,0.75,1.0,0.6666666666666667,0.0,0.0,0.0,0.0,1.0,0.0,0.0,1.0,0.0
0.0,0.0,1.0,0.75,0.75,1.0,0.6666666666666667,0.0,1.0,0.0,0.0,0.0,0.0,1.0,0.0
1.0,1.0,0.6666666666666666,0.25,1.0,1.0,0.0,0.0,0.0,0.0,1.0,0.0,0.0,1.0,0.0
1.0,0.0,0.0,0.25,0.75,0.6666666666666667,0.3333333333333333,0.0,1.0,0.0,0.0,0.0,0.0,1.0,0.0
0.0,0.0,0.0,0.25,0.0,1.0,0.3333333333333333,0.0,1.0,0.0,0.0,0.0,0.0,1.0,0.0
1.0,0.0,0.0,0.75,0.5,0.6666666666666667,0.0,0.0,0.0,0.0,1.0,0.0,0.0,0.0,1.0
0.0,1.0,0.3333333333333333,0.0,0.5,1.0,0.0,0.0,0.0,0.0,1.0,0.0,0.0,1.0,0.0
1.0,0.0,0.0,0.25,1.0,0.3333333333333333,0.3333333333333333,0.0,1.0,0.0,0.0,0.0,0.0,1.0,0.0
0.0,0.0,0.3333333333333333,0.25,0.25,1.0,0.0,0.0,0.0,0.0,1.0,0.0,0.0,1.0,0.0
1.0,1.0,0.3333333333333333,0.0,0.5,0.0,0.3333333333333333,0.0,0.0,1.0,0.0,0.0,0.0,0.0,1.0
1.0,1.0,0.0,0.75,0.75,0.0,0.0,0.0,0.0,0.0,1.0,0.0,0.0,1.0,0.0
0.0,1.0,0.6666666666666666,0.0,0.5,1.0,0.0,0.0,0.0,0.0,1.0,0.0,0.0,1.0,0.0
1.0,1.0,0.0,1.0,0.75,0.3333333333333333,0.0,0.0,0.0,0.0,1.0,0.0,0.0,0.0,1.0
1.0,0.0,0.6666666666666666,0.0,0.5,1.0,0.0,0.0,0.0,0.0,1.0,0.0,0.0,1.0,0.0
1.0,0.0,0.6666666666666666,0.25,0.75,0.3333333333333333,0.3333333333333333,0.0,1.0,0.0,0.0,0.0,0.0,1.0,0.0
1.0,0.0,0.0,0.5,0.75,1.0,0.3333333333333333,0.0,0.0,1.0,0.0,0.0,0.0,1.0,0.0
0.0,1.0,0.6666666666666666,0.0,1.0,0.0,0.0,0.0,0.0,0.0,1.0,0.0,0.0,1.0,0.0
1.0,0.0,0.6666666666666666,0.25,0.5,0.0,0.0,0.0,0.0,0.0,1.0,0.0,0.0,0.0,1.0
1.0,0.0,0.0,0.25,1.0,1.0,0.3333333333333333,0.0,1.0,0.0,0.0,0.0,0.0,1.0,0.0
1.0,0.0,0.0,1.0,0.5,1.0,0.3333333333333333,0.0,1.0,0.0,0.0,0.0,0.0,1.0,0.0
1.0,0.0,0.0,0.25,1.0,0.0,0.0,0.0,0.0,0.0,1.0,0.0,0.0,1.0,0.0
0.0,1.0,0.3333333333333333,0.25,0.0,0.3333333333333333,0.6666666666666667,0.0,1.0,0.0,0.0,0.0,1.0,0.0,0.0
1.0,0.0,0.0,0.25,0.75,0.0,0.0,0.0,0.0,0.0,1.0,0.0,0.0,1.0,0.0
0.0,0.0,0.6666666666666666,0.25,0.5,0.3333333333333333,0.3333333333333333,0.0,0.0,0.0,1.0,0.0,0.0,1.0,0.0
1.0,0.0,0.3333333333333333,0.25,0.0,1.0,0.6666666666666667,0.0,1.0,0.0,0.0,0.0,1.0,0.0,0.0
1.0,0.0,0.0,0.25,0.5,1.0,0.3333333333333333,0.0,1.0,0.0,0.0,0.0,0.0,1.0,0.0
1.0,0.0,0.3333333333333333,0.25,0.5,0.6666666666666667,0.0,0.0,0.0,0.0,1.0,0.0,0.0,1.0,0.0
0.0,0.0,0.6666666666666666,0.0,0.5,0.3333333333333333,0.0,0.0,0.0,0.0,1.0,0.0,0.0,1.0,0.0
1.0,0.0,0.0,0.75,0.75,0.3333333333333333,0.0,0.0,0.0,0.0,1.0,0.0,0.0,0.0,1.0
1.0,1.0,0.0,1.0,1.0,1.0,0.3333333333333333,0.0,1.0,0.0,0.0,0.0,0.0,1.0,0.0
1.0,0.0,0.3333333333333333,0.25,0.0,1.0,0.3333333333333333,0.0,1.0,0.0,0.0,0.0,0.0,1.0,0.0
0.0,1.0,1.0,0.25,0.25,1.0,0.0,1.0,0.0,0.0,0.0,0.0,0.0,1.0,0.0
1.0,0.0,0.0,0.25,1.0,1.0,0.0,0.0,0.0,0.0,1.0,0.0,0.0,1.0,0.0
1.0,1.0,0.3333333333333333,0.25,0.5,0.3333333333333333,0.0,0.0,0.0,0.0,1.0,0.0,0.0,1.0,0.0
1.0,0.0,0.6666666666666666,0.25,0.5,0.3333333333333333,0.3333333333333333,0.0,0.0,1.0,0.0,0.0,0.0,1.0,0.0
0.0,0.0,0.0,0.25,1.0,1.0,0.0,0.0,0.0,0.0,1.0,0.0,0.0,1.0,0.0
0.0,1.0,0.6666666666666666,0.25,0.5,0.3333333333333333,0.0,0.0,1.0,0.0,0.0,0.0,0.0,1.0,0.0
1.0,1.0,0.0,0.0,1.0,1.0,0.3333333333333333,0.0,1.0,0.0,0.0,0.0,0.0,0.0,1.0
0.0,1.0,0.3333333333333333,0.25,0.25,1.0,0.0,0.0,0.0,0.0,1.0,0.0,0.0,1.0,0.0
1.0,0.0,0.6666666666666666,0.25,0.5,0.3333333333333333,0.0,0.0,0.0,0.0,1.0,0.0,0.0,1.0,0.0
1.0,1.0,1.0,0.0,1.0,0.6666666666666667,0.0,0.0,0.0,0.0,1.0,0.0,0.0,1.0,0.0
0.0,0.0,0.6666666666666666,1.0,0.5,0.6666666666666667,0.3333333333333333,0.0,0.0,1.0,0.0,0.0,0.0,1.0,0.0
1.0,0.0,0.0,0.0,0.5,1.0,0.0,0.0,1.0,0.0,0.0,0.0,0.0,1.0,0.0
1.0,1.0,0.0,0.25,0.5,0.6666666666666667,0.0,0.0,0.0,0.0,1.0,0.0,0.0,1.0,0.0
1.0,0.0,0.0,0.25,1.0,0.3333333333333333,0.3333333333333333,0.0,0.0,0.0,0.0,1.0,0.0,1.0,0.0
1.0,0.0,0.0,0.25,1.0,1.0,0.0,0.0,0.0,0.0,1.0,0.0,0.0,1.0,0.0
0.0,0.0,0.3333333333333333,0.25,0.75,0.3333333333333333,0.0,0.0,0.0,0.0,1.0,0.0,0.0,1.0,0.0
1.0,1.0,0.0,0.25,0.25,1.0,0.0,0.0,0.0,0.0,1.0,0.0,0.0,1.0,0.0
1.0,0.0,0.3333333333333333,0.25,0.5,0.3333333333333333,0.3333333333333333,0.0,1.0,0.0,0.0,0.0,0.0,0.0,1.0
0.0,0.0,0.3333333333333333,0.25,1.0,0.6666666666666667,0.0,0.0,0.0,0.0,1.0,0.0,1.0,0.0,0.0
1.0,1.0,0.3333333333333333,0.25,0.25,1.0,0.0,0.0,0.0,0.0,1.0,0.0,0.0,1.0,0.0
1.0,0.0,0.0,0.25,0.25,0.6666666666666667,0.0,0.0,0.0,0.0,1.0,0.0,0.0,1.0,0.0
1.0,0.0,0.3333333333333333,0.25,0.5,0.0,0.0,0.0,0.0,0.0,1.0,0.0,0.0,1.0,0.0
1.0,0.0,0.3333333333333333,0.25,0.25,0.3333333333333333,0.0,0.0,0.0,0.0,1.0,0.0,0.0,1.0,0.0
1.0,1.0,0.6666666666666666,0.25,0.25,0.6666666666666667,0.0,0.0,0.0,0.0,1.0,0.0,0.0,0.0,1.0
1.0,0.0,0.6666666666666666,0.0,1.0,1.0,0.3333333333333333,0.0,0.0,0.0,1.0,0.0,0.0,1.0,0.0
1.0,0.0,0.0,0.25,0.75,1.0,0.3333333333333333,0.0,0.0,0.0,1.0,0.0,0.0,1.0,0.0
1.0,0.0,0.3333333333333333,0.25,0.5,0.6666666666666667,0.0,0.0,0.0,0.0,1.0,0.0,0.0,1.0,0.0
0.0,1.0,0.3333333333333333,0.25,0.25,1.0,0.0,0.0,0.0,1.0,0.0,0.0,0.0,0.0,1.0
1.0,0.0,0.0,0.0,1.0,0.6666666666666667,0.3333333333333333,0.0,0.0,1.0,0.0,0.0,0.0,1.0,0.0
1.0,1.0,0.0,0.25,0.5,0.3333333333333333,0.3333333333333333,0.0,0.0,1.0,0.0,0.0,0.0,1.0,0.0
1.0,0.0,0.0,0.25,0.75,0.6666666666666667,0.3333333333333333,0.0,0.0,1.0,0.0,0.0,0.0,1.0,0.0
0.0,0.0,0.6666666666666666,0.5,0.25,0.6666666666666667,0.0,0.0,0.0,0.0,1.0,0.0,0.0,0.0,1.0
0.0,1.0,0.3333333333333333,0.25,0.25,1.0,0.0,0.0,0.0,0.0,1.0,0.0,0.0,1.0,0.0
0.0,0.0,0.3333333333333333,0.25,0.5,1.0,0.0,0.0,0.0,0.0,1.0,0.0,0.0,1.0,0.0
1.0,0.0,0.0,0.0,0.0,1.0,0.0,0.0,0.0,0.0,1.0,0.0,0.0,1.0,0.0
0.0,0.0,0.6666666666666666,0.25,0.5,1.0,0.0,0.0,1.0,0.0,0.0,0.0,0.0,1.0,0.0
0.0,1.0,0.3333333333333333,0.25,0.25,0.0,0.0,0.0,0.0,0.0,0.0,1.0,0.0,0.0,1.0
1.0,0.0,0.0,0.75,0.5,1.0,0.0,0.0,0.0,0.0,1.0,0.0,0.0,1.0,0.0
1.0,0.0,1.0,0.25,0.75,1.0,0.0,0.0,0.0,0.0,1.0,0.0,0.0,1.0,0.0
1.0,0.0,0.6666666666666666,0.5,0.75,0.6666666666666667,0.0,0.0,0.0,0.0,1.0,0.0,0.0,1.0,0.0
1.0,0.0,0.3333333333333333,0.25,1.0,1.0,0.3333333333333333,0.0,1.0,0.0,0.0,0.0,0.0,1.0,0.0
1.0,1.0,0.6666666666666666,0.25,0.5,0.0,0.0,0.0,1.0,0.0,0.0,0.0,0.0,1.0,0.0
1.0,0.0,0.6666666666666666,0.25,0.25,1.0,0.0,0.0,0.0,0.0,1.0,0.0,0.0,1.0,0.0
1.0,1.0,0.3333333333333333,1.0,1.0,1.0,0.3333333333333333,0.0,0.0,0.0,1.0,0.0,0.0,0.0,1.0
1.0,1.0,0.0,1.0,0.75,0.6666666666666667,0.3333333333333333,0.0,0.0,1.0,0.0,0.0,0.0,1.0,0.0
1.0,0.0,0.0,0.75,0.5,1.0,0.0,0.0,1.0,0.0,0.0,0.0,0.0,1.0,0.0
0.0,0.0,0.6666666666666666,0.25,0.0,1.0,0.0,0.0,0.0,1.0,0.0,0.0,0.0,1.0,0.0
1.0,0.0,0.0,0.25,0.5,0.3333333333333333,0.0,0.0,0.0,0.0,1.0,0.0,0.0,1.0,0.0
1.0,1.0,0.0,0.25,1.0,1.0,0.0,0.0,0.0,0.0,1.0,0.0,1.0,0.0,0.0
1.0,0.0,0.0,0.5,0.5,0.6666666666666667,0.0,0.0,0.0,0.0,1.0,0.0,0.0,0.0,1.0
1.0,0.0,0.0,0.25,0.5,0.3333333333333333,0.0,0.0,0.0,0.0,1.0,0.0,0.0,0.0,1.0
1.0,0.0,0.0,0.25,1.0,0.3333333333333333,0.3333333333333333,0.0,1.0,0.0,0.0,0.0,0.0,1.0,0.0
0.0,1.0,0.6666666666666666,0.25,1.0,0.3333333333333333,0.3333333333333333,0.0,0.0,0.0,0.0,1.0,1.0,0.0,0.0
1.0,1.0,0.0,0.5,0.5,0.0,0.3333333333333333,0.0,1.0,0.0,0.0,0.0,0.0,1.0,0.0
1.0,0.0,0.6666666666666666,0.0,1.0,1.0,0.0,0.0,0.0,0.0,1.0,0.0,0.0,1.0,0.0
1.0,0.0,0.3333333333333333,0.25,0.5,0.6666666666666667,0.3333333333333333,0.0,1.0,0.0,0.0,0.0,0.0,0.0,1.0
0.0,0.0,0.3333333333333333,0.0,0.5,0.3333333333333333,0.0,0.0,0.0,0.0,1.0,0.0,0.0,1.0,0.0
0.0,0.0,0.6666666666666666,0.5,0.25,1.0,0.0,0.0,0.0,0.0,1.0,0.0,0.0,0.0,1.0
1.0,0.0,0.0,0.25,0.75,1.0,0.3333333333333333,0.0,1.0,0.0,0.0,0.0,0.0,1.0,0.0
1.0,0.0,0.6666666666666666,0.25,1.0,1.0,0.0,0.0,0.0,0.0,1.0,0.0,0.0,1.0,0.0
1.0,0.0,1.0,0.5,1.0,0.3333333333333333,0.3333333333333333,0.0,1.0,0.0,0.0,0.0,0.0,1.0,0.0
0.0,1.0,0.3333333333333333,0.25,0.25,1.0,0.0,0.0,0.0,0.0,1.0,0.0,0.0,1.0,0.0
1.0,0.0,0.3333333333333333,0.25,1.0,0.3333333333333333,0.0,0.0,0.0,0.0,1.0,0.0,1.0,0.0,0.0
1.0,0.0,1.0,0.5,1.0,0.3333333333333333,0.0,0.0,0.0,0.0,1.0,0.0,0.0,1.0,0.0
0.0,0.0,0.6666666666666666,0.5,0.25,1.0,0.3333333333333333,0.0,1.0,0.0,0.0,0.0,0.0,1.0,0.0
0.0,1.0,0.3333333333333333,0.25,0.25,1.0,0.0,0.0,0.0,0.0,1.0,0.0,0.0,0.0,1.0
0.0,0.0,0.0,0.0,0.5,1.0,0.0,0.0,0.0,0.0,1.0,0.0,0.0,1.0,0.0
1.0,0.0,1.0,0.75,0.5,0.3333333333333333,0.0,0.0,1.0,0.0,0.0,0.0,0.0,1.0,0.0
0.0,0.0,0.6666666666666666,0.5,0.0,0.0,0.0,1.0,0.0,0.0,0.0,0.0,0.0,1.0,0.0
1.0,0.0,0.0,0.25,0.5,1.0,0.0,0.0,0.0,0.0,1.0,0.0,0.0,1.0,0.0
1.0,0.0,0.0,0.5,1.0,1.0,0.0,0.0,0.0,0.0,1.0,0.0,0.0,1.0,0.0
0.0,0.0,0.3333333333333333,0.25,0.75,1.0,0.0,0.0,0.0,0.0,1.0,0.0,0.0,1.0,0.0
1.0,0.0,0.0,0.25,0.5,0.3333333333333333,0.0,0.0,0.0,0.0,1.0,0.0,1.0,0.0,0.0
1.0,0.0,1.0,0.25,0.75,0.3333333333333333,0.0,0.0,0.0,0.0,1.0,0.0,0.0,0.0,1.0
1.0,0.0,0.6666666666666666,0.25,0.5,1.0,0.3333333333333333,0.0,0.0,1.0,0.0,0.0,0.0,0.0,1.0
1.0,0.0,0.0,0.0,0.25,1.0,0.0,0.0,0.0,0.0,1.0,0.0,0.0,1.0,0.0
1.0,1.0,0.3333333333333333,0.25,0.75,1.0,0.3333333333333333,0.0,1.0,0.0,0.0,0.0,0.0,1.0,0.0
1.0,0.0,0.3333333333333333,0.25,0.25,0.3333333333333333,0.0,0.0,1.0,0.0,0.0,0.0,0.0,1.0,0.0
0.0,1.0,0.0,0.25,0.25,0.3333333333333333,0.3333333333333333,0.0,1.0,0.0,0.0,0.0,0.0,0.0,1.0
1.0,0.0,0.3333333333333333,0.5,1.0,0.6666666666666667,0.0,0.0,0.0,0.0,1.0,0.0,0.0,1.0,0.0
1.0,0.0,0.0,0.0,1.0,1.0,0.3333333333333333,0.0,1.0,0.0,0.0,0.0,1.0,0.0,0.0
1.0,0.0,0.0,0.25,1.0,0.6666666666666667,0.3333333333333333,0.0,1.0,0.0,0.0,0.0,1.0,0.0,0.0
0.0,1.0,0.3333333333333333,0.25,0.5,0.3333333333333333,0.0,0.0,0.0,0.0,1.0,0.0,0.0,1.0,0.0
0.0,0.0,0.3333333333333333,0.25,0.5,0.6666666666666667,0.3333333333333333,0.0,0.0,0.0,0.0,1.0,1.0,0.0,0.0
1.0,1.0,0.0,0.5,0.75,0.6666666666666667,0.0,0.0,0.0,0.0,1.0,0.0,0.0,1.0,0.0
1.0,1.0,0.6666666666666666,0.25,0.5,1.0,0.0,0.0,0.0,0.0,1.0,0.0,0.0,1.0,0.0
1.0,0.0,0.6666666666666666,0.25,0.25,0.3333333333333333,0.3333333333333333,0.0,0.0,0.0,1.0,0.0,0.0,1.0,0.0
1.0,1.0,0.0,0.5,0.5,1.0,0.0,0.0,1.0,0.0,0.0,0.0,0.0,1.0,0.0
1.0,0.0,0.0,0.25,0.75,0.3333333333333333,0.3333333333333333,0.0,1.0,0.0,0.0,0.0,0.0,1.0,0.0
0.0,0.0,0.3333333333333333,0.25,0.5,1.0,0.0,0.0,0.0,0.0,1.0,0.0,0.0,0.0,1.0
1.0,0.0,0.3333333333333333,0.25,0.25,0.6666666666666667,0.0,0.0,0.0,0.0,1.0,0.0,0.0,1.0,0.0
1.0,0.0,0.6666666666666666,0.25,0.75,0.6666666666666667,0.3333333333333333,0.0,0.0,0.0,1.0,0.0,0.0,1.0,0.0
0.0,1.0,0.6666666666666666,0.5,0.5,0.3333333333333333,0.3333333333333333,0.0,0.0,0.0,1.0,0.0,0.0,0.0,1.0
1.0,0.0,0.0,0.25,0.5,1.0,0.0,0.0,0.0,1.0,0.0,0.0,0.0,0.0,1.0
1.0,0.0,0.0,0.5,0.75,1.0,0.0,0.0,0.0,0.0,1.0,0.0,0.0,1.0,0.0
1.0,0.0,0.0,0.0,0.25,1.0,0.3333333333333333,0.0,0.0,0.0,1.0,0.0,0.0,1.0,0.0
0.0,0.0,1.0,0.25,0.25,0.3333333333333333,0.0,0.0,1.0,0.0,0.0,0.0,0.0,0.0,1.0
1.0,1.0,0.3333333333333333,0.0,0.0,1.0,0.0,0.0,0.0,0.0,1.0,0.0,0.0,1.0,0.0
1.0,1.0,0.6666666666666666,0.25,1.0,0.6666666666666667,0.0,0.0,1.0,0.0,0.0,0.0,0.0,1.0,0.0
0.0,0.0,0.3333333333333333,0.25,1.0,1.0,0.0,0.0,0.0,0.0,1.0,0.0,1.0,0.0,0.0
1.0,1.0,1.0,0.25,0.25,0.0,0.0,0.0,0.0,0.0,1.0,0.0,0.0,1.0,0.0
0.0,0.0,0.6666666666666666,0.25,0.25,0.0,0.0,0.0,0.0,0.0,1.0,0.0,0.0,0.0,1.0
1.0,0.0,0.0,0.25,1.0,1.0,0.3333333333333333,0.0,0.0,1.0,0.0,0.0,1.0,0.0,0.0
0.0,0.0,0.3333333333333333,0.0,1.0,1.0,0.0,0.0,0.0,0.0,1.0,0.0,0.0,1.0,0.0
0.0,0.0,1.0,0.25,0.5,0.3333333333333333,0.0,0.0,0.0,0.0,1.0,0.0,0.0,1.0,0.0
1.0,0.0,0.0,0.25,1.0,1.0,0.3333333333333333,0.0,1.0,0.0,0.0,0.0,0.0,1.0,0.0
0.0,0.0,0.3333333333333333,0.25,0.0,1.0,0.3333333333333333,0.0,0.0,1.0,0.0,0.0,1.0,0.0,0.0
1.0,1.0,0.0,0.25,0.5,1.0,0.0,0.0,1.0,0.0,0.0,0.0,0.0,1.0,0.0
1.0,0.0,0.0,0.25,0.75,0.6666666666666667,0.0,0.0,0.0,0.0,1.0,0.0,0.0,1.0,0.0
0.0,1.0,0.3333333333333333,0.25,0.5,1.0,0.0,1.0,0.0,0.0,0.0,0.0,0.0,1.0,0.0
1.0,0.0,0.0,0.0,0.75,0.3333333333333333,0.3333333333333333,0.0,1.0,0.0,0.0,0.0,1.0,0.0,0.0
1.0,1.0,0.0,0.0,0.75,1.0,0.3333333333333333,0.0,1.0,0.0,0.0,0.0,0.0,1.0,0.0
1.0,0.0,0.0,0.75,1.0,0.3333333333333333,0.0,1.0,0.0,0.0,0.0,0.0,0.0,1.0,0.0
0.0,0.0,0.3333333333333333,0.25,0.75,0.0,0.3333333333333333,0.0,0.0,0.0,1.0,0.0,0.0,1.0,0.0
1.0,0.0,0.6666666666666666,0.5,0.25,1.0,0.0,0.0,1.0,0.0,0.0,0.0,0.0,1.0,0.0
1.0,1.0,0.6666666666666666,0.25,0.75,1.0,0.3333333333333333,0.0,0.0,0.0,1.0,0.0,0.0,1.0,0.0
0.0,0.0,0.6666666666666666,0.25,0.25,0.3333333333333333,0.0,0.0,0.0,0.0,1.0,0.0,0.0,1.0,0.0
0.0,1.0,0.6666666666666666,0.5,0.25,0.6666666666666667,0.3333333333333333,0.0,0.0,0.0,0.0,1.0,0.0,1.0,0.0
0.0,1.0,0.0,0.0,0.5,0.0,0.3333333333333333,0.0,0.0,0.0,0.0,1.0,0.0,1.0,0.0
0.0,0.0,0.3333333333333333,0.25,0.75,0.6666666666666667,0.0,1.0,0.0,0.0,0.0,0.0,0.0,1.0,0.0
0.0,0.0,0.6666666666666666,0.25,0.25,0.3333333333333333,0.3333333333333333,0.0,1.0,0.0,0.0,0.0,0.0,1.0,0.0
1.0,0.0,0.3333333333333333,0.0,1.0,1.0,0.0,0.0,0.0,0.0,1.0,0.0,1.0,0.0,0.0
0.0,0.0,0.3333333333333333,0.25,0.75,1.0,0.0,1.0,0.0,0.0,0.0,0.0,0.0,0.0,1.0
1.0,1.0,1.0,0.25,0.25,0.3333333333333333,0.0,0.0,0.0,1.0,0.0,0.0,0.0,1.0,0.0
0.0,0.0,0.6666666666666666,0.0,0.5,0.0,0.0,0.0,0.0,0.0,1.0,0.0,1.0,0.0,0.0
1.0,0.0,0.6666666666666666,0.0,0.5,1.0,0.3333333333333333,0.0,0.0,1.0,0.0,0.0,0.0,1.0,0.0
1.0,1.0,0.6666666666666666,0.5,0.75,0.6666666666666667,0.3333333333333333,0.0,0.0,1.0,0.0,0.0,0.0,0.0,1.0
0.0,0.0,0.3333333333333333,0.25,0.75,0.3333333333333333,0.0,0.0,0.0,0.0,1.0,0.0,0.0,1.0,0.0
1.0,0.0,0.0,1.0,1.0,0.3333333333333333,0.0,0.0,1.0,0.0,0.0,0.0,0.0,1.0,0.0
1.0,0.0,0.6666666666666666,0.0,0.75,1.0,0.3333333333333333,0.0,0.0,0.0,1.0,0.0,0.0,1.0,0.0
0.0,1.0,0.3333333333333333,0.25,0.5,0.6666666666666667,0.0,0.0,0.0,0.0,1.0,0.0,0.0,1.0,0.0
0.0,1.0,0.3333333333333333,0.25,0.25,1.0,0.0,0.0,0.0,0.0,1.0,0.0,0.0,0.0,1.0
1.0,0.0,0.0,0.25,0.75,0.6666666666666667,0.0,0.0,1.0,0.0,0.0,0.0,0.0,1.0,0.0
1.0,1.0,0.0,0.0,0.0,0.3333333333333333,0.0,0.0,0.0,0.0,1.0,0.0,0.0,0.0,1.0
1.0,1.0,0.3333333333333333,0.25,0.5,1.0,0.0,0.0,0.0,0.0,1.0,0.0,0.0,1.0,0.0
1.0,0.0,0.6666666666666666,0.25,1.0,1.0,0.3333333333333333,0.0,0.0,0.0,1.0,0.0,0.0,1.0,0.0
1.0,1.0,0.0,0.25,0.75,0.3333333333333333,0.3333333333333333,0.0,1.0,0.0,0.0,0.0,0.0,1.0,0.0
1.0,1.0,0.6666666666666666,0.25,0.75,0.3333333333333333,0.0,0.0,0.0,0.0,1.0,0.0,0.0,1.0,0.0
1.0,1.0,0.0,0.0,0.5,0.6666666666666667,0.3333333333333333,0.0,1.0,0.0,0.0,0.0,0.0,1.0,0.0
0.0,0.0,0.6666666666666666,0.25,0.25,1.0,0.3333333333333333,0.0,1.0,0.0,0.0,0.0,0.0,1.0,0.0
1.0,0.0,0.0,0.25,0.25,1.0,0.3333333333333333,0.0,0.0,0.0,1.0,0.0,0.0,1.0,0.0
0.0,0.0,0.6666666666666666,0.25,1.0,0.6666666666666667,0.3333333333333333,0.0,1.0,0.0,0.0,0.0,0.0,1.0,0.0
1.0,0.0,0.6666666666666666,0.25,0.25,0.0,0.3333333333333333,0.0,1.0,0.0,0.0,0.0,0.0,1.0,0.0
1.0,1.0,0.0,0.25,0.5,1.0,0.0,0.0,0.0,0.0,1.0,0.0,0.0,0.0,1.0
0.0,0.0,0.6666666666666666,0.25,0.25,1.0,0.0,0.0,0.0,0.0,1.0,0.0,0.0,0.0,1.0
1.0,1.0,0.0,0.0,1.0,1.0,0.0,0.0,0.0,0.0,1.0,0.0,1.0,0.0,0.0
0.0,1.0,0.3333333333333333,0.25,0.5,0.0,0.0,0.0,0.0,0.0,1.0,0.0,0.0,0.0,1.0
1.0,0.0,0.3333333333333333,0.25,0.5,0.3333333333333333,0.3333333333333333,0.0,1.0,0.0,0.0,0.0,0.0,0.0,1.0
1.0,0.0,0.3333333333333333,0.25,0.5,1.0,0.0,0.0,0.0,0.0,1.0,0.0,0.0,1.0,0.0
0.0,0.0,0.3333333333333333,0.25,0.5,1.0,0.0,0.0,0.0,0.0,1.0,0.0,0.0,1.0,0.0
0.0,0.0,0.3333333333333333,0.25,1.0,0.6666666666666667,0.3333333333333333,0.0,1.0,0.0,0.0,0.0,0.0,1.0,0.0
1.0,1.0,0.3333333333333333,0.25,0.75,1.0,1.0,0.0,1.0,0.0,0.0,0.0,0.0,1.0,0.0
1.0,1.0,0.6666666666666666,0.0,0.5,1.0,0.3333333333333333,0.0,0.0,1.0,0.0,0.0,0.0,0.0,1.0
1.0,1.0,0.0,1.0,1.0,1.0,0.0,0.0,0.0,0.0,1.0,0.0,0.0,1.0,0.0
0.0,1.0,0.6666666666666666,0.25,0.5,0.6666666666666667,0.0,0.0,0.0,0.0,1.0,0.0,0.0,0.0,1.0
0.0,0.0,0.3333333333333333,0.0,1.0,1.0,0.0,1.0,0.0,0.0,0.0,0.0,0.0,1.0,0.0
0.0,1.0,0.6666666666666666,0.5,0.25,0.0,0.0,1.0,0.0,0.0,0.0,0.0,0.0,1.0,0.0
0.0,1.0,0.3333333333333333,0.25,0.75,1.0,0.3333333333333333,0.0,0.0,0.0,1.0,0.0,0.0,0.0,1.0
0.0,0.0,0.6666666666666666,0.25,0.5,0.0,0.6666666666666667,0.0,0.0,0.0,0.0,1.0,0.0,1.0,0.0
0.0,0.0,0.0,0.25,0.75,0.3333333333333333,0.3333333333333333,0.0,1.0,0.0,0.0,0.0,0.0,1.0,0.0
1.0,0.0,0.0,0.25,0.5,0.0,0.0,0.0,0.0,1.0,0.0,0.0,1.0,0.0,0.0
1.0,1.0,0.6666666666666666,0.25,0.25,0.0,0.0,0.0,0.0,0.0,1.0,0.0,0.0,1.0,0.0
0.0,1.0,0.6666666666666666,0.25,0.5,1.0,0.0,0.0,0.0,0.0,1.0,0.0,0.0,1.0,0.0
0.0,1.0,0.6666666666666666,0.25,0.75,1.0,0.0,1.0,0.0,0.0,0.0,0.0,1.0,0.0,0.0
0.0,1.0,0.0,0.25,0.5,1.0,0.0,0.0,0.0,0.0,1.0,0.0,0.0,1.0,0.0
1.0,1.0,1.0,0.25,0.25,1.0,0.0,0.0,0.0,0.0,1.0,0.0,0.0,1.0,0.0
1.0,0.0,0.3333333333333333,0.75,0.5,1.0,0.0,1.0,0.0,0.0,0.0,0.0,0.0,1.0,0.0
1.0,0.0,0.0,0.25,0.5,0.6666666666666667,0.0,0.0,1.0,0.0,0.0,0.0,0.0,1.0,0.0
0.0,1.0,0.6666666666666666,0.5,0.5,1.0,0.0,0.0,0.0,0.0,1.0,0.0,1.0,0.0,0.0
1.0,0.0,0.0,0.25,0.25,1.0,0.0,0.0,0.0,0.0,1.0,0.0,0.0,1.0,0.0
1.0,0.0,0.0,0.0,1.0,1.0,0.0,0.0,0.0,0.0,1.0,0.0,1.0,0.0,0.0
0.0,1.0,0.3333333333333333,0.5,0.0,1.0,0.0,0.0,0.0,0.0,1.0,0.0,0.0,1.0,0.0
0.0,1.0,1.0,0.5,1.0,0.0,0.0,0.0,0.0,0.0,1.0,0.0,1.0,0.0,0.0
1.0,1.0,0.3333333333333333,1.0,0.25,1.0,0.0,0.0,0.0,0.0,1.0,0.0,0.0,1.0,0.0
1.0,1.0,0.3333333333333333,0.25,0.5,0.0,0.0,1.0,0.0,0.0,0.0,0.0,0.0,0.0,1.0
0.0,1.0,0.0,0.25,0.75,1.0,0.0,0.0,0.0,1.0,0.0,0.0,0.0,1.0,0.0
1.0,0.0,0.6666666666666666,0.0,0.5,0.3333333333333333,0.0,0.0,0.0,0.0,0.0,1.0,0.0,1.0,0.0
1.0,0.0,0.6666666666666666,0.0,0.5,0.3333333333333333,0.0,0.0,0.0,1.0,0.0,0.0,1.0,0.0,0.0
1.0,0.0,0.3333333333333333,0.25,0.5,0.0,0.6666666666666667,0.0,1.0,0.0,0.0,0.0,0.0,0.0,1.0
0.0,1.0,0.6666666666666666,0.5,0.5,0.3333333333333333,0.0,0.0,0.0,0.0,1.0,0.0,0.0,0.0,1.0
1.0,0.0,0.0,0.25,0.5,1.0,0.0,0.0,0.0,0.0,1.0,0.0,0.0,1.0,0.0
1.0,0.0,0.6666666666666666,0.25,0.75,0.3333333333333333,0.3333333333333333,0.0,1.0,0.0,0.0,0.0,0.0,1.0,0.0
0.0,0.0,0.0,0.25,0.5,0.6666666666666667,0.3333333333333333,0.0,1.0,0.0,0.0,0.0,0.0,1.0,0.0
0.0,0.0,0.0,0.0,0.5,1.0,0.0,0.0,0.0,0.0,1.0,0.0,0.0,1.0,0.0
1.0,1.0,0.3333333333333333,0.25,0.25,1.0,0.0,0.0,0.0,0.0,1.0,0.0,0.0,0.0,1.0
0.0,0.0,0.3333333333333333,0.25,0.5,1.0,0.3333333333333333,0.0,0.0,0.0,1.0,0.0,1.0,0.0,0.0
1.0,0.0,0.0,0.0,1.0,1.0,0.0,0.0,0.0,0.0,1.0,0.0,0.0,1.0,0.0
1.0,0.0,1.0,0.25,0.5,0.3333333333333333,0.0,0.0,0.0,0.0,1.0,0.0,0.0,1.0,0.0
0.0,0.0,0.6666666666666666,0.5,0.75,0.3333333333333333,0.0,1.0,0.0,0.0,0.0,0.0,0.0,1.0,0.0
1.0,0.0,0.0,0.75,0.5,1.0,0.3333333333333333,0.0,1.0,0.0,0.0,0.0,0.0,1.0,0.0
1.0,0.0,0.0,0.0,1.0,0.0,0.0,0.0,0.0,0.0,1.0,0.0,0.0,1.0,0.0
1.0,1.0,0.3333333333333333,0.25,0.5,0.3333333333333333,0.0,0.0,0.0,0.0,1.0,0.0,0.0,1.0,0.0
0.0,0.0,0.3333333333333333,0.25,0.5,1.0,0.0,1.0,0.0,0.0,0.0,0.0,0.0,1.0,0.0
1.0,0.0,0.6666666666666666,0.0,0.25,1.0,0.0,0.0,0.0,0.0,1.0,0.0,0.0,1.0,0.0
0.0,1.0,0.0,0.25,0.25,0.3333333333333333,0.3333333333333333,0.0,0.0,0.0,1.0,0.0,0.0,0.0,1.0
0.0,1.0,0.6666666666666666,0.25,0.25,0.6666666666666667,0.0,0.0,0.0,0.0,1.0,0.0,0.0,1.0,0.0
1.0,0.0,0.0,0.25,1.0,1.0,0.6666666666666667,0.0,0.0,0.0,1.0,0.0,0.0,1.0,0.0
1.0,1.0,0.0,0.75,0.75,1.0,0.0,0.0,0.0,0.0,1.0,0.0,0.0,1.0,0.0
1.0,0.0,0.0,0.25,0.75,0.3333333333333333,0.3333333333333333,0.0,0.0,1.0,0.0,0.0,0.0,1.0,0.0
1.0,1.0,0.0,0.25,0.25,1.0,0.0,0.0,0.0,0.0,1.0,0.0,0.0,1.0,0.0
0.0,0.0,0.3333333333333333,0.25,0.75,0.6666666666666667,0.3333333333333333,0.0,0.0,1.0,0.0,0.0,0.0,1.0,0.0
0.0,1.0,0.3333333333333333,0.25,0.0,1.0,0.0,0.0,0.0,0.0,1.0,0.0,0.0,1.0,0.0
1.0,0.0,0.6666666666666666,0.25,1.0,1.0,0.3333333333333333,0.0,0.0,0.0,1.0,0.0,0.0,1.0,0.0
0.0,0.0,0.0,0.5,0.5,0.6666666666666667,0.0,0.0,0.0,0.0,1.0,0.0,0.0,1.0,0.0
1.0,0.0,0.0,0.25,0.75,1.0,0.3333333333333333,0.0,1.0,0.0,0.0,0.0,0.0,1.0,0.0
1.0,0.0,0.3333333333333333,0.25,0.75,1.0,0.3333333333333333,0.0,1.0,0.0,0.0,0.0,0.0,1.0,0.0
0.0,0.0,0.0,0.0,0.25,1.0,0.3333333333333333,0.0,0.0,1.0,0.0,0.0,0.0,0.0,1.0
1.0,0.0,0.3333333333333333,0.25,0.5,0.3333333333333333,0.3333333333333333,0.0,0.0,0.0,0.0,1.0,0.0,1.0,0.0
0.0,1.0,0.0,0.75,0.5,0.3333333333333333,0.0,0.0,0.0,0.0,1.0,0.0,0.0,1.0,0.0
0.0,0.0,1.0,0.25,0.75,1.0,0.0,0.0,0.0,0.0,1.0,0.0,1.0,0.0,0.0
0.0,0.0,0.3333333333333333,0.25,0.5,1.0,0.0,0.0,0.0,0.0,1.0,0.0,0.0,0.0,1.0
1.0,0.0,0.3333333333333333,0.25,0.75,1.0,0.0,0.0,0.0,0.0,1.0,0.0,1.0,0.0,0.0
0.0,0.0,0.6666666666666666,0.25,0.5,1.0,0.0,0.0,0.0,0.0,1.0,0.0,0.0,1.0,0.0
0.0,0.0,0.3333333333333333,0.25,1.0,1.0,0.0,0.0,0.0,0.0,1.0,0.0,0.0,1.0,0.0
0.0,0.0,0.6666666666666666,0.5,1.0,0.3333333333333333,1.0,0.0,0.0,1.0,0.0,0.0,0.0,1.0,0.0
1.0,0.0,0.0,0.25,0.75,1.0,0.3333333333333333,0.0,1.0,0.0,0.0,0.0,0.0,1.0,0.0
1.0,0.0,0.3333333333333333,0.25,0.0,0.0,0.0,0.0,0.0,0.0,1.0,0.0,1.0,0.0,0.0
0.0,0.0,0.6666666666666666,0.25,1.0,1.0,0.0,0.0,0.0,0.0,1.0,0.0,0.0,1.0,0.0
1.0,0.0,0.0,0.0,0.75,1.0,0.0,0.0,0.0,0.0,1.0,0.0,0.0,1.0,0.0
1.0,1.0,0.6666666666666666,0.25,0.5,0.3333333333333333,0.3333333333333333,0.0,0.0,0.0,0.0,1.0,0.0,1.0,0.0
1.0,0.0,0.6666666666666666,0.25,1.0,0.3333333333333333,0.0,0.0,1.0,0.0,0.0,0.0,0.0,1.0,0.0
1.0,0.0,1.0,0.25,0.5,0.6666666666666667,0.0,0.0,0.0,0.0,1.0,0.0,0.0,0.0,1.0
0.0,0.0,0.3333333333333333,0.0,0.5,1.0,0.0,0.0,0.0,0.0,1.0,0.0,0.0,1.0,0.0
1.0,0.0,0.0,0.25,1.0,1.0,0.3333333333333333,0.0,0.0,0.0,1.0,0.0,0.0,1.0,0.0
1.0,0.0,0.6666666666666666,0.25,0.0,1.0,0.3333333333333333,0.0,0.0,1.0,0.0,0.0,0.0,1.0,0.0
1.0,1.0,1.0,0.25,0.5,0.3333333333333333,0.0,0.0,1.0,0.0,0.0,0.0,0.0,1.0,0.0
1.0,0.0,0.0,0.25,0.0,1.0,0.3333333333333333,0.0,1.0,0.0,0.0,0.0,0.0,1.0,0.0
1.0,0.0,0.6666666666666666,1.0,0.5,1.0,0.0,1.0,0.0,0.0,0.0,0.0,0.0,1.0,0.0
1.0,1.0,0.0,0.25,0.5,0.0,0.0,1.0,0.0,0.0,0.0,0.0,0.0,1.0,0.0
0.0,0.0,0.3333333333333333,0.25,1.0,0.6666666666666667,0.3333333333333333,0.0,1.0,0.0,0.0,0.0,0.0,0.0,1.0
1.0,0.0,1.0,0.25,1.0,1.0,0.0,0.0,1.0,0.0,0.0,0.0,0.0,1.0,0.0
1.0,0.0,0.0,0.5,0.5,0.6666666666666667,0.3333333333333333,0.0,1.0,0.0,0.0,0.0,0.0,1.0,0.0
1.0,0.0,0.0,0.5,0.75,0.3333333333333333,0.3333333333333333,0.0,0.0,0.0,1.0,0.0,0.0,1.0,0.0
1.0,0.0,0.0,0.25,1.0,0.3333333333333333,0.0,0.0,0.0,0.0,1.0,0.0,0.0,1.0,0.0
1.0,0.0,0.0,0.75,0.5,0.0,0.0,0.0,1.0,0.0,0.0,0.0,0.0,1.0,0.0
0.0,0.0,0.0,0.75,0.25,1.0,0.0,0.0,0.0,1.0,0.0,0.0,0.0,1.0,0.0
1.0,1.0,0.0,0.25,0.75,1.0,0.0,0.0,1.0,0.0,0.0,0.0,0.0,0.0,1.0
1.0,0.0,0.0,0.25,1.0,1.0,0.0,0.0,1.0,0.0,0.0,0.0,0.0,1.0,0.0
0.0,0.0,0.6666666666666666,0.5,0.5,0.3333333333333333,0.0,0.0,0.0,0.0,1.0,0.0,0.0,1.0,0.0
1.0,0.0,0.3333333333333333,0.25,1.0,1.0,0.0,0.0,0.0,0.0,1.0,0.0,0.0,0.0,1.0
1.0,1.0,0.0,0.25,0.25,0.6666666666666667,0.0,0.0,0.0,0.0,1.0,0.0,0.0,1.0,0.0
1.0,1.0,0.0,0.25,0.25,0.0,0.0,0.0,0.0,0.0,1.0,0.0,0.0,1.0,0.0
1.0,0.0,0.0,0.0,0.5,1.0,0.0,0.0,0.0,0.0,1.0,0.0,1.0,0.0,0.0
1.0,0.0,0.0,0.25,0.5,1.0,0.3333333333333333,0.0,0.0,1.0,0.0,0.0,0.0,1.0,0.0
1.0,0.0,0.0,0.25,0.25,0.6666666666666667,0.6666666666666667,0.0,1.0,0.0,0.0,0.0,1.0,0.0,0.0
1.0,0.0,0.6666666666666666,0.5,0.75,0.0,0.3333333333333333,0.0,0.0,1.0,0.0,0.0,0.0,1.0,0.0
1.0,0.0,0.0,0.0,0.5,1.0,0.0,0.0,0.0,0.0,1.0,0.0,1.0,0.0,0.0
1.0,0.0,1.0,0.0,0.75,1.0,0.3333333333333333,0.0,1.0,0.0,0.0,0.0,0.0,1.0,0.0
1.0,0.0,0.6666666666666666,0.5,1.0,1.0,0.0,0.0,0.0,1.0,0.0,0.0,1.0,0.0,0.0
1.0,0.0,0.0,0.5,1.0,0.6666666666666667,0.0,0.0,0.0,0.0,1.0,0.0,0.0,1.0,0.0
1.0,0.0,0.3333333333333333,1.0,0.5,0.0,0.0,0.0,0.0,0.0,1.0,0.0,0.0,1.0,0.0
1.0,0.0,0.3333333333333333,0.25,0.5,0.3333333333333333,0.3333333333333333,0.0,1.0,0.0,0.0,0.0,0.0,1.0,0.0
1.0,1.0,0.6666666666666666,0.5,0.5,0.6666666666666667,0.0,0.0,0.0,0.0,1.0,0.0,0.0,1.0,0.0
1.0,0.0,0.6666666666666666,0.5,0.25,0.3333333333333333,0.0,0.0,0.0,0.0,1.0,0.0,0.0,1.0,0.0
1.0,0.0,0.3333333333333333,0.0,0.25,0.0,0.3333333333333333,0.0,1.0,0.0,0.0,0.0,0.0,1.0,0.0
1.0,0.0,0.0,0.25,0.75,1.0,0.0,0.0,0.0,0.0,1.0,0.0,0.0,1.0,0.0
1.0,0.0,0.0,0.75,0.5,0.3333333333333333,0.0,0.0,0.0,0.0,1.0,0.0,0.0,0.0,1.0
1.0,0.0,0.6666666666666666,0.25,0.75,1.0,0.3333333333333333,0.0,0.0,0.0,1.0,0.0,0.0,1.0,0.0
1.0,1.0,0.0,0.25,0.0,0.0,0.0,0.0,1.0,0.0,0.0,0.0,0.0,1.0,0.0
1.0,0.0,0.0,0.25,0.5,1.0,0.3333333333333333,0.0,1.0,0.0,0.0,0.0,0.0,1.0,0.0
1.0,0.0,1.0,0.25,1.0,1.0,0.0,0.0,0.0,0.0,1.0,0.0,0.0,0.0,1.0
0.0,1.0,0.0,0.75,0.5,1.0,0.0,0.0,0.0,0.0,1.0,0.0,0.0,0.0,1.0
0.0,0.0,0.3333333333333333,0.25,1.0,1.0,0.3333333333333333,0.0,1.0,0.0,0.0,0.0,1.0,0.0,0.0
1.0,1.0,1.0,0.5,1.0,1.0,0.0,0.0,0.0,0.0,1.0,0.0,1.0,0.0,0.0
1.0,0.0,0.6666666666666666,0.5,1.0,1.0,0.3333333333333333,0.0,0.0,1.0,0.0,0.0,0.0,1.0,0.0
1.0,1.0,0.6666666666666666,0.25,0.25,1.0,0.0,0.0,0.0,0.0,1.0,0.0,0.0,1.0,0.0
1.0,1.0,0.0,0.75,1.0,0.0,0.0,0.0,0.0,0.0,1.0,0.0,1.0,0.0,0.0
0.0,0.0,0.6666666666666666,0.5,0.75,0.6666666666666667,0.0,0.0,0.0,0.0,1.0,0.0,0.0,1.0,0.0
0.0,1.0,0.6666666666666666,0.25,0.25,1.0,0.3333333333333333,0.0,0.0,0.0,0.0,1.0,0.0,0.0,1.0
1.0,1.0,0.6666666666666666,0.25,1.0,1.0,0.0,0.0,0.0,0.0,1.0,0.0,0.0,1.0,0.0
1.0,0.0,0.6666666666666666,0.25,0.5,0.3333333333333333,0.0,0.0,0.0,0.0,1.0,0.0,0.0,1.0,0.0
1.0,0.0,0.0,0.75,1.0,1.0,0.3333333333333333,0.0,1.0,0.0,0.0,0.0,0.0,1.0,0.0
0.0,1.0,0.3333333333333333,0.25,1.0,1.0,0.0,1.0,0.0,0.0,0.0,0.0,1.0,0.0,0.0
1.0,0.0,0.0,0.0,1.0,1.0,0.0,0.0,0.0,0.0,1.0,0.0,0.0,1.0,0.0
1.0,0.0,0.3333333333333333,0.25,0.5,1.0,0.3333333333333333,0.0,1.0,0.0,0.0,0.0,0.0,1.0,0.0
0.0,0.0,0.6666666666666666,0.25,0.75,1.0,0.0,0.0,0.0,0.0,1.0,0.0,0.0,1.0,0.0
1.0,0.0,0.0,0.0,1.0,0.0,0.3333333333333333,0.0,1.0,0.0,0.0,0.0,0.0,1.0,0.0
1.0,0.0,0.0,0.0,1.0,0.6666666666666667,0.3333333333333333,0.0,1.0,0.0,0.0,0.0,0.0,1.0,0.0
1.0,0.0,0.0,0.25,0.5,1.0,0.0,0.0,0.0,0.0,1.0,0.0,1.0,0.0,0.0
1.0,0.0,1.0,0.0,0.5,0.6666666666666667,0.3333333333333333,0.0,1.0,0.0,0.0,0.0,0.0,1.0,0.0
1.0,0.0,0.6666666666666666,0.5,1.0,0.6666666666666667,0.3333333333333333,0.0,0.0,0.0,0.0,1.0,0.0,1.0,0.0
0.0,0.0,1.0,0.25,0.25,1.0,0.3333333333333333,0.0,0.0,0.0,0.0,1.0,0.0,1.0,0.0
0.0,1.0,0.6666666666666666,1.0,0.25,1.0,0.0,1.0,0.0,0.0,0.0,0.0,0.0,0.0,1.0
0.0,1.0,0.3333333333333333,0.25,0.5,1.0,0.0,0.0,0.0,0.0,1.0,0.0,0.0,1.0,0.0
1.0,1.0,0.6666666666666666,0.75,0.5,1.0,0.0,0.0,0.0,0.0,1.0,0.0,0.0,1.0,0.0
0.0,1.0,0.0,0.25,0.5,0.6666666666666667,0.0,0.0,0.0,0.0,1.0,0.0,0.0,0.0,1.0
1.0,1.0,0.0,1.0,0.5,0.3333333333333333,0.3333333333333333,0.0,1.0,0.0,0.0,0.0,0.0,1.0,0.0
1.0,0.0,0.0,0.75,0.5,0.3333333333333333,0.3333333333333333,0.0,1.0,0.0,0.0,0.0,0.0,1.0,0.0
0.0,1.0,0.3333333333333333,0.25,0.5,1.0,0.3333333333333333,0.0,0.0,0.0,1.0,0.0,0.0,0.0,1.0
0.0,1.0,0.6666666666666666,0.25,1.0,1.0,0.0,1.0,0.0,0.0,0.0,0.0,0.0,0.0,1.0
1.0,0.0,1.0,1.0,0.5,0.3333333333333333,0.3333333333333333,0.0,1.0,0.0,0.0,0.0,0.0,1.0,0.0
1.0,0.0,0.6666666666666666,0.25,0.25,0.0,0.0,0.0,0.0,1.0,0.0,0.0,0.0,1.0,0.0
0.0,0.0,0.3333333333333333,0.25,0.5,0.3333333333333333,0.0,0.0,0.0,0.0,1.0,0.0,0.0,0.0,1.0
1.0,1.0,0.6666666666666666,0.25,0.75,1.0,0.0,0.0,0.0,0.0,1.0,0.0,0.0,1.0,0.0
1.0,1.0,0.0,1.0,0.5,0.3333333333333333,0.0,0.0,0.0,0.0,1.0,0.0,0.0,0.0,1.0
1.0,1.0,0.0,0.25,0.75,0.0,0.0,0.0,1.0,0.0,0.0,0.0,0.0,1.0,0.0
1.0,1.0,0.6666666666666666,0.0,0.25,0.6666666666666667,0.0,1.0,0.0,0.0,0.0,0.0,0.0,1.0,0.0
0.0,1.0,0.6666666666666666,0.25,0.5,0.0,0.3333333333333333,0.0,0.0,0.0,1.0,0.0,0.0,0.0,1.0
1.0,0.0,0.3333333333333333,0.5,0.5,0.6666666666666667,0.0,0.0,0.0,0.0,1.0,0.0,0.0,1.0,0.0
1.0,0.0,0.0,0.25,0.75,0.0,0.3333333333333333,0.0,1.0,0.0,0.0,0.0,0.0,1.0,0.0
0.0,1.0,0.6666666666666666,0.5,0.5,1.0,0.3333333333333333,0.0,0.0,0.0,0.0,1.0,0.0,0.0,1.0
1.0,0.0,0.3333333333333333,0.5,0.75,0.3333333333333333,0.0,1.0,0.0,0.0,0.0,0.0,0.0,1.0,0.0
1.0,0.0,0.6666666666666666,0.25,0.5,1.0,0.0,1.0,0.0,0.0,0.0,0.0,0.0,1.0,0.0
1.0,0.0,0.0,0.0,1.0,1.0,0.0,0.0,0.0,0.0,1.0,0.0,0.0,1.0,0.0
1.0,0.0,0.3333333333333333,0.75,0.5,1.0,0.0,1.0,0.0,0.0,0.0,0.0,0.0,1.0,0.0
1.0,0.0,0.3333333333333333,0.0,0.75,1.0,0.3333333333333333,0.0,1.0,0.0,0.0,0.0,0.0,1.0,0.0
1.0,0.0,0.3333333333333333,0.25,0.25,0.6666666666666667,0.3333333333333333,0.0,1.0,0.0,0.0,0.0,0.0,1.0,0.0
1.0,1.0,0.3333333333333333,0.25,0.0,0.0,0.0,0.0,0.0,0.0,1.0,0.0,0.0,0.0,1.0
0.0,1.0,0.3333333333333333,0.25,0.25,0.6666666666666667,0.0,0.0,0.0,0.0,1.0,0.0,0.0,1.0,0.0
1.0,0.0,0.0,0.0,0.5,0.0,0.0,0.0,0.0,0.0,1.0,0.0,0.0,1.0,0.0
1.0,0.0,0.0,0.25,0.75,0.3333333333333333,0.0,0.0,0.0,0.0,1.0,0.0,0.0,1.0,0.0
1.0,1.0,0.3333333333333333,0.25,1.0,0.3333333333333333,0.0,0.0,0.0,0.0,1.0,0.0,0.0,1.0,0.0
0.0,1.0,0.3333333333333333,0.25,0.25,0.0,0.0,0.0,0.0,0.0,1.0,0.0,0.0,1.0,0.0
1.0,1.0,0.6666666666666666,0.5,0.75,0.3333333333333333,0.0,0.0,0.0,0.0,1.0,0.0,0.0,0.0,1.0
1.0,1.0,0.0,0.25,0.75,1.0,0.3333333333333333,0.0,1.0,0.0,0.0,0.0,0.0,1.0,0.0
0.0,0.0,0.0,1.0,1.0,1.0,0.3333333333333333,0.0,0.0,1.0,0.0,0.0,1.0,0.0,0.0
0.0,1.0,0.3333333333333333,0.0,0.75,1.0,0.0,0.0,0.0,0.0,1.0,0.0,0.0,0.0,1.0
1.0,0.0,1.0,0.25,0.5,0.0,0.6666666666666667,0.0,1.0,0.0,0.0,0.0,0.0,1.0,0.0
0.0,0.0,1.0,0.0,0.5,0.6666666666666667,0.3333333333333333,0.0,1.0,0.0,0.0,0.0,1.0,0.0,0.0
1.0,0.0,0.0,0.25,0.5,0.3333333333333333,0.0,0.0,0.0,0.0,1.0,0.0,0.0,1.0,0.0
0.0,0.0,0.3333333333333333,0.25,1.0,1.0,0.3333333333333333,0.0,1.0,0.0,0.0,0.0,0.0,1.0,0.0
1.0,1.0,0.0,0.0,1.0,0.0,0.0,0.0,1.0,0.0,0.0,0.0,0.0,1.0,0.0
0.0,1.0,0.3333333333333333,0.25,0.5,1.0,0.3333333333333333,0.0,1.0,0.0,0.0,0.0,0.0,0.0,1.0
1.0,0.0,0.3333333333333333,0.25,0.5,1.0,0.0,0.0,0.0,0.0,1.0,0.0,0.0,1.0,0.0
0.0,0.0,0.0,0.0,1.0,1.0,0.0,0.0,1.0,0.0,0.0,0.0,1.0,0.0,0.0
1.0,0.0,0.0,0.5,0.75,1.0,0.3333333333333333,0.0,1.0,0.0,0.0,0.0,0.0,1.0,0.0
1.0,0.0,0.6666666666666666,0.25,1.0,0.6666666666666667,0.3333333333333333,0.0,0.0,0.0,1.0,0.0,0.0,1.0,0.0
0.0,0.0,0.3333333333333333,0.25,0.25,0.3333333333333333,0.0,0.0,0.0,0.0,1.0,0.0,0.0,1.0,0.0
1.0,1.0,0.0,0.0,0.25,0.0,0.0,0.0,0.0,0.0,1.0,0.0,0.0,0.0,1.0
1.0,0.0,0.6666666666666666,0.25,1.0,0.0,0.6666666666666667,0.0,1.0,0.0,0.0,0.0,0.0,0.0,1.0
1.0,0.0,0.0,0.25,1.0,0.3333333333333333,0.3333333333333333,0.0,1.0,0.0,0.0,0.0,0.0,1.0,0.0
1.0,1.0,0.3333333333333333,0.0,1.0,0.3333333333333333,0.0,0.0,0.0,0.0,1.0,0.0,0.0,0.0,1.0
0.0,1.0,0.3333333333333333,0.25,0.5,0.6666666666666667,0.3333333333333333,0.0,1.0,0.0,0.0,0.0,0.0,1.0,0.0
1.0,0.0,0.0,0.25,1.0,0.0,0.0,0.0,1.0,0.0,0.0,0.0,0.0,1.0,0.0
1.0,0.0,0.0,0.5,1.0,1.0,0.3333333333333333,0.0,1.0,0.0,0.0,0.0,0.0,1.0,0.0
1.0,0.0,1.0,0.75,0.0,0.3333333333333333,0.6666666666666667,0.0,1.0,0.0,0.0,0.0,1.0,0.0,0.0
0.0,1.0,0.3333333333333333,0.0,0.5,1.0,0.0,0.0,0.0,0.0,1.0,0.0,0.0,0.0,1.0
1.0,0.0,0.0,0.25,0.75,1.0,0.3333333333333333,0.0,1.0,0.0,0.0,0.0,0.0,1.0,0.0
1.0,1.0,0.3333333333333333,0.25,0.75,1.0,0.0,0.0,0.0,0.0,1.0,0.0,0.0,1.0,0.0
1.0,0.0,0.0,1.0,1.0,1.0,0.3333333333333333,0.0,1.0,0.0,0.0,0.0,0.0,1.0,0.0
1.0,1.0,0.6666666666666666,0.25,0.0,0.3333333333333333,0.0,0.0,0.0,0.0,1.0,0.0,0.0,1.0,0.0
0.0,0.0,0.6666666666666666,0.25,0.75,0.3333333333333333,0.3333333333333333,0.0,1.0,0.0,0.0,0.0,0.0,1.0,0.0
1.0,0.0,0.0,1.0,1.0,1.0,0.0,0.0,1.0,0.0,0.0,0.0,0.0,1.0,0.0
1.0,0.0,0.6666666666666666,0.25,0.5,0.3333333333333333,0.0,0.0,0.0,0.0,0.0,1.0,0.0,1.0,0.0
0.0,1.0,0.6666666666666666,0.5,0.25,1.0,0.0,0.0,0.0,0.0,1.0,0.0,0.0,1.0,0.0
1.0,0.0,0.6666666666666666,0.0,0.0,0.0,0.0,0.0,0.0,0.0,1.0,0.0,0.0,1.0,0.0
1.0,0.0,0.6666666666666666,1.0,0.5,1.0,0.0,0.0,0.0,0.0,1.0,0.0,0.0,1.0,0.0
1.0,0.0,0.0,0.75,1.0,0.6666666666666667,0.0,0.0,0.0,0.0,1.0,0.0,0.0,1.0,0.0
1.0,0.0,0.0,0.0,1.0,1.0,0.3333333333333333,0.0,1.0,0.0,0.0,0.0,0.0,1.0,0.0
0.0,0.0,0.6666666666666666,0.25,1.0,1.0,0.0,0.0,0.0,1.0,0.0,0.0,1.0,0.0,0.0
0.0,0.0,0.3333333333333333,0.25,0.5,1.0,0.0,0.0,1.0,0.0,0.0,0.0,0.0,1.0,0.0
0.0,1.0,0.6666666666666666,0.25,1.0,0.3333333333333333,0.0,0.0,0.0,0.0,1.0,0.0,0.0,1.0,0.0
1.0,0.0,0.0,0.0,1.0,0.6666666666666667,0.0,0.0,0.0,0.0,1.0,0.0,0.0,1.0,0.0
1.0,0.0,0.0,0.0,0.5,0.0,0.3333333333333333,0.0,1.0,0.0,0.0,0.0,0.0,1.0,0.0
1.0,0.0,1.0,0.25,1.0,0.6666666666666667,0.0,0.0,0.0,0.0,1.0,0.0,1.0,0.0,0.0
1.0,0.0,0.0,0.75,1.0,1.0,0.0,0.0,0.0,0.0,1.0,0.0,0.0,0.0,1.0
1.0,1.0,0.0,0.5,0.25,0.3333333333333333,0.0,0.0,0.0,0.0,1.0,0.0,0.0,0.0,1.0
0.0,0.0,0.3333333333333333,0.0,1.0,0.0,0.0,0.0,0.0,0.0,1.0,0.0,1.0,0.0,0.0
1.0,1.0,0.0,0.25,0.25,0.3333333333333333,0.3333333333333333,0.0,1.0,0.0,0.0,0.0,0.0,0.0,1.0
1.0,0.0,0.0,0.0,1.0,1.0,0.3333333333333333,0.0,0.0,1.0,0.0,0.0,0.0,1.0,0.0
1.0,0.0,0.6666666666666666,0.0,0.25,1.0,0.0,0.0,0.0,0.0,1.0,0.0,0.0,1.0,0.0
1.0,0.0,0.0,0.25,1.0,1.0,0.3333333333333333,0.0,1.0,0.0,0.0,0.0,1.0,0.0,0.0
1.0,1.0,0.6666666666666666,0.25,1.0,0.6666666666666667,0.3333333333333333,0.0,1.0,0.0,0.0,0.0,0.0,0.0,1.0
1.0,1.0,0.3333333333333333,0.25,1.0,0.0,0.3333333333333333,0.0,1.0,0.0,0.0,0.0,0.0,1.0,0.0
1.0,0.0,0.0,0.0,1.0,1.0,0.3333333333333333,0.0,1.0,0.0,0.0,0.0,0.0,1.0,0.0
1.0,1.0,0.6666666666666666,0.0,0.0,0.0,0.0,0.0,0.0,0.0,1.0,0.0,0.0,0.0,1.0
0.0,0.0,0.3333333333333333,0.25,0.75,0.3333333333333333,0.0,0.0,0.0,0.0,1.0,0.0,0.0,1.0,0.0
1.0,0.0,0.6666666666666666,0.25,0.25,0.6666666666666667,0.0,0.0,0.0,0.0,1.0,0.0,0.0,1.0,0.0
1.0,0.0,0.0,0.0,1.0,1.0,1.0,0.0,1.0,0.0,0.0,0.0,0.0,1.0,0.0
1.0,0.0,0.6666666666666666,0.25,0.0,0.0,0.0,1.0,0.0,0.0,0.0,0.0,1.0,0.0,0.0
0.0,1.0,0.6666666666666666,0.25,0.25,0.3333333333333333,0.3333333333333333,0.0,0.0,0.0,0.0,1.0,0.0,0.0,1.0
1.0,0.0,0.6666666666666666,0.25,0.25,0.6666666666666667,0.0,0.0,0.0,0.0,1.0,0.0,0.0,1.0,0.0
1.0,0.0,0.6666666666666666,0.25,0.75,0.6666666666666667,0.0,0.0,0.0,0.0,1.0,0.0,0.0,1.0,0.0
0.0,0.0,0.3333333333333333,0.25,0.75,1.0,0.3333333333333333,0.0,1.0,0.0,0.0,0.0,0.0,1.0,0.0
0.0,0.0,0.3333333333333333,0.25,0.5,0.6666666666666667,0.0,0.0,0.0,0.0,1.0,0.0,0.0,1.0,0.0
0.0,0.0,0.3333333333333333,0.25,0.75,1.0,0.0,0.0,0.0,0.0,1.0,0.0,1.0,0.0,0.0
1.0,1.0,0.6666666666666666,0.25,0.5,0.3333333333333333,0.0,0.0,0.0,1.0,0.0,0.0,0.0,0.0,1.0
1.0,0.0,0.0,0.75,0.5,0.0,0.0,0.0,0.0,0.0,1.0,0.0,0.0,1.0,0.0
1.0,1.0,0.0,0.25,0.75,0.0,0.3333333333333333,0.0,1.0,0.0,0.0,0.0,0.0,0.0,1.0
1.0,0.0,0.3333333333333333,0.25,0.0,0.3333333333333333,0.0,0.0,0.0,0.0,1.0,0.0,0.0,1.0,0.0
0.0,0.0,0.3333333333333333,0.25,0.5,1.0,0.0,0.0,0.0,0.0,1.0,0.0,0.0,1.0,0.0
1.0,0.0,0.0,0.25,0.5,0.6666666666666667,0.3333333333333333,0.0,0.0,0.0,1.0,0.0,0.0,1.0,0.0
1.0,0.0,1.0,0.25,0.5,0.6666666666666667,0.0,0.0,0.0,0.0,1.0,0.0,0.0,1.0,0.0
0.0,0.0,0.3333333333333333,0.25,1.0,0.3333333333333333,0.0,0.0,0.0,0.0,1.0,0.0,0.0,1.0,0.0
1.0,0.0,0.3333333333333333,0.25,1.0,1.0,0.3333333333333333,0.0,1.0,0.0,0.0,0.0,0.0,1.0,0.0
1.0,0.0,0.0,0.25,0.25,0.6666666666666667,0.3333333333333333,0.0,1.0,0.0,0.0,0.0,0.0,1.0,0.0
1.0,0.0,0.3333333333333333,0.25,1.0,1.0,0.3333333333333333,0.0,1.0,0.0,0.0,0.0,0.0,1.0,0.0
0.0,1.0,0.3333333333333333,0.25,1.0,0.0,0.6666666666666667,0.0,1.0,0.0,0.0,0.0,0.0,0.0,1.0
0.0,0.0,0.0,0.25,0.5,0.3333333333333333,0.3333333333333333,0.0,0.0,0.0,0.0,1.0,0.0,1.0,0.0
0.0,0.0,0.3333333333333333,0.0,1.0,0.6666666666666667,0.0,0.0,0.0,0.0,1.0,0.0,1.0,0.0,0.0
1.0,0.0,0.6666666666666666,0.0,0.5,1.0,0.0,0.0,0.0,1.0,0.0,0.0,1.0,0.0,0.0
1.0,0.0,0.0,0.75,0.5,1.0,0.3333333333333333,0.0,0.0,1.0,0.0,0.0,0.0,1.0,0.0
0.0,1.0,0.3333333333333333,0.25,0.25,1.0,0.0,0.0,0.0,0.0,1.0,0.0,0.0,0.0,1.0
0.0,0.0,0.3333333333333333,0.25,1.0,0.3333333333333333,0.3333333333333333,0.0,0.0,0.0,0.0,1.0,0.0,0.0,1.0
1.0,1.0,0.6666666666666666,0.0,1.0,0.3333333333333333,0.0,0.0,0.0,0.0,1.0,0.0,0.0,1.0,0.0
0.0,1.0,1.0,0.25,0.25,0.3333333333333333,0.0,0.0,0.0,0.0,1.0,0.0,0.0,1.0,0.0
0.0,0.0,0.3333333333333333,0.25,0.5,1.0,0.3333333333333333,0.0,0.0,0.0,0.0,1.0,0.0,1.0,0.0
1.0,1.0,0.0,0.0,0.5,1.0,0.0,0.0,0.0,0.0,1.0,0.0,0.0,1.0,0.0
1.0,1.0,0.0,0.25,0.25,0.0,0.0,0.0,0.0,0.0,1.0,0.0,0.0,0.0,1.0
1.0,0.0,0.3333333333333333,0.25,1.0,1.0,0.3333333333333333,0.0,1.0,0.0,0.0,0.0,0.0,1.0,0.0
1.0,0.0,0.0,0.25,1.0,1.0,0.3333333333333333,0.0,1.0,0.0,0.0,0.0,0.0,1.0,0.0
0.0,0.0,0.3333333333333333,0.25,0.75,1.0,0.0,0.0,0.0,0.0,1.0,0.0,0.0,1.0,0.0
1.0,0.0,0.0,0.25,0.5,0.6666666666666667,0.3333333333333333,0.0,0.0,1.0,0.0,0.0,0.0,1.0,0.0
0.0,1.0,0.0,0.25,0.25,1.0,0.0,0.0,0.0,0.0,1.0,0.0,0.0,1.0,0.0
1.0,0.0,0.0,0.25,0.75,1.0,0.0,1.0,0.0,0.0,0.0,0.0,0.0,1.0,0.0
1.0,0.0,0.0,0.25,1.0,1.0,0.6666666666666667,0.0,0.0,0.0,1.0,0.0,0.0,1.0,0.0
1.0,0.0,0.6666666666666666,0.0,0.75,0.3333333333333333,0.0,0.0,0.0,0.0,1.0,0.0,0.0,1.0,0.0
0.0,0.0,0.0,0.0,0.5,0.3333333333333333,0.3333333333333333,0.0,0.0,0.0,1.0,0.0,0.0,0.0,1.0
1.0,0.0,0.0,0.25,0.25,1.0,0.0,0.0,0.0,0.0,1.0,0.0,0.0,1.0,0.0
1.0,0.0,0.3333333333333333,0.25,0.75,0.6666666666666667,0.0,0.0,0.0,0.0,1.0,0.0,0.0,1.0,0.0
0.0,0.0,0.3333333333333333,0.25,1.0,1.0,0.0,0.0,0.0,0.0,1.0,0.0,0.0,1.0,0.0
0.0,0.0,0.3333333333333333,0.25,0.5,1.0,0.3333333333333333,0.0,1.0,0.0,0.0,0.0,0.0,0.0,1.0
1.0,0.0,0.0,0.0,0.75,0.6666666666666667,0.3333333333333333,0.0,1.0,0.0,0.0,0.0,0.0,1.0,0.0
1.0,0.0,0.0,0.25,0.5,1.0,0.3333333333333333,0.0,1.0,0.0,0.0,0.0,1.0,0.0,0.0
0.0,0.0,0.3333333333333333,0.25,0.75,1.0,0.3333333333333333,1.0,0.0,0.0,0.0,0.0,1.0,0.0,0.0
1.0,0.0,0.0,0.25,1.0,0.3333333333333333,0.3333333333333333,0.0,0.0,1.0,0.0,0.0,0.0,1.0,0.0
1.0,0.0,0.0,0.5,0.25,1.0,0.0,0.0,0.0,0.0,1.0,0.0,0.0,1.0,0.0
1.0,1.0,0.0,0.0,0.75,1.0,0.0,0.0,0.0,0.0,1.0,0.0,0.0,1.0,0.0
1.0,0.0,0.0,0.25,0.5,1.0,0.0,0.0,1.0,0.0,0.0,0.0,1.0,0.0,0.0
0.0,1.0,0.3333333333333333,0.25,0.5,0.6666666666666667,0.0,0.0,0.0,0.0,1.0,0.0,0.0,1.0,0.0
1.0,0.0,0.0,0.5,0.5,0.0,0.0,0.0,0.0,0.0,1.0,0.0,0.0,0.0,1.0
1.0,0.0,0.0,1.0,0.5,1.0,0.3333333333333333,0.0,1.0,0.0,0.0,0.0,0.0,1.0,0.0
0.0,0.0,0.0,0.25,0.5,1.0,0.0,0.0,0.0,1.0,0.0,0.0,0.0,1.0,0.0
0.0,1.0,0.3333333333333333,0.25,0.25,1.0,0.0,0.0,0.0,0.0,1.0,0.0,0.0,1.0,0.0
1.0,0.0,0.0,1.0,0.25,1.0,0.3333333333333333,0.0,1.0,0.0,0.0,0.0,0.0,1.0,0.0
0.0,0.0,0.0,0.25,0.5,0.3333333333333333,0.0,0.0,0.0,0.0,1.0,0.0,0.0,0.0,1.0
1.0,1.0,0.0,0.75,0.5,0.3333333333333333,0.0,0.0,0.0,0.0,1.0,0.0,0.0,0.0,1.0
1.0,1.0,0.3333333333333333,0.25,0.25,1.0,0.0,0.0,0.0,0.0,1.0,0.0,0.0,1.0,0.0
1.0,0.0,0.0,0.25,1.0,0.3333333333333333,0.0,0.0,1.0,0.0,0.0,0.0,0.0,1.0,0.0
1.0,0.0,0.0,0.0,1.0,0.6666666666666667,0.3333333333333333,0.0,0.0,0.0,1.0,0.0,0.0,1.0,0.0
1.0,1.0,0.3333333333333333,0.25,1.0,1.0,0.0,0.0,0.0,0.0,1.0,0.0,0.0,0.0,1.0
1.0,1.0,0.0,0.75,0.75,0.3333333333333333,0.3333333333333333,0.0,0.0,1.0,0.0,0.0,0.0,1.0,0.0
1.0,0.0,1.0,0.25,1.0,0.0,0.3333333333333333,0.0,1.0,0.0,0.0,0.0,0.0,1.0,0.0
1.0,0.0,0.3333333333333333,0.5,0.75,1.0,0.3333333333333333,0.0,1.0,0.0,0.0,0.0,0.0,1.0,0.0
1.0,1.0,0.0,0.0,0.25,1.0,0.0,0.0,0.0,0.0,1.0,0.0,0.0,1.0,0.0
1.0,0.0,0.3333333333333333,0.25,0.5,0.3333333333333333,0.0,0.0,0.0,0.0,1.0,0.0,0.0,1.0,0.0
1.0,1.0,0.6666666666666666,1.0,0.5,1.0,0.3333333333333333,0.0,1.0,0.0,0.0,0.0,0.0,1.0,0.0
1.0,0.0,0.3333333333333333,0.25,0.25,0.6666666666666667,0.0,1.0,0.0,0.0,0.0,0.0,1.0,0.0,0.0
1.0,0.0,0.0,0.25,1.0,1.0,0.0,0.0,0.0,0.0,1.0,0.0,0.0,1.0,0.0
0.0,0.0,0.3333333333333333,0.25,0.25,0.6666666666666667,0.0,0.0,0.0,0.0,1.0,0.0,1.0,0.0,0.0
1.0,0.0,0.0,0.0,0.75,0.3333333333333333,0.3333333333333333,0.0,1.0,0.0,0.0,0.0,0.0,1.0,0.0
1.0,0.0,0.0,0.25,0.75,0.6666666666666667,0.0,0.0,0.0,0.0,1.0,0.0,0.0,1.0,0.0
1.0,0.0,0.0,0.0,0.5,0.3333333333333333,0.0,0.0,0.0,0.0,1.0,0.0,1.0,0.0,0.0
1.0,0.0,0.6666666666666666,0.0,1.0,1.0,0.3333333333333333,0.0,1.0,0.0,0.0,0.0,0.0,1.0,0.0
1.0,1.0,0.0,0.25,0.0,1.0,0.3333333333333333,0.0,1.0,0.0,0.0,0.0,0.0,1.0,0.0
0.0,0.0,0.6666666666666666,0.25,0.75,0.6666666666666667,0.0,0.0,0.0,0.0,1.0,0.0,0.0,1.0,0.0
0.0,1.0,0.3333333333333333,0.25,0.25,1.0,0.0,0.0,0.0,0.0,1.0,0.0,0.0,1.0,0.0
1.0,0.0,0.6666666666666666,0.0,0.75,1.0,0.3333333333333333,0.0,1.0,0.0,0.0,0.0,0.0,1.0,0.0
0.0,0.0,0.6666666666666666,0.25,0.5,0.3333333333333333,0.0,0.0,0.0,0.0,1.0,0.0,0.0,1.0,0.0
1.0,0.0,0.0,0.25,1.0,1.0,0.3333333333333333,0.0,1.0,0.0,0.0,0.0,0.0,1.0,0.0
1.0,0.0,0.0,0.0,0.25,0.6666666666666667,0.3333333333333333,1.0,0.0,0.0,0.0,0.0,0.0,0.0,1.0
1.0,0.0,0.3333333333333333,0.25,1.0,1.0,1.0,0.0,1.0,0.0,0.0,0.0,0.0,1.0,0.0
1.0,0.0,0.0,0.25,1.0,1.0,0.3333333333333333,0.0,1.0,0.0,0.0,0.0,0.0,1.0,0.0
1.0,0.0,0.3333333333333333,0.25,0.5,1.0,0.3333333333333333,0.0,1.0,0.0,0.0,0.0,0.0,1.0,0.0
1.0,0.0,0.6666666666666666,0.25,0.5,0.6666666666666667,0.3333333333333333,0.0,1.0,0.0,0.0,0.0,0.0,1.0,0.0
1.0,0.0,0.0,0.0,0.5,1.0,0.3333333333333333,0.0,1.0,0.0,0.0,0.0,0.0,1.0,0.0
1.0,0.0,0.0,0.0,0.75,0.6666666666666667,0.0,0.0,0.0,1.0,0.0,0.0,0.0,1.0,0.0
1.0,1.0,0.3333333333333333,0.25,0.25,1.0,0.0,0.0,0.0,0.0,1.0,0.0,0.0,0.0,1.0
1.0,1.0,0.0,1.0,0.75,0.6666666666666667,0.0,0.0,1.0,0.0,0.0,0.0,0.0,1.0,0.0
1.0,1.0,0.0,0.0,0.75,0.0,0.0,0.0,0.0,0.0,1.0,0.0,0.0,0.0,1.0
0.0,0.0,0.3333333333333333,0.25,0.5,0.3333333333333333,0.0,0.0,0.0,0.0,1.0,0.0,0.0,1.0,0.0
0.0,0.0,0.3333333333333333,0.25,1.0,0.3333333333333333,0.0,0.0,1.0,0.0,0.0,0.0,0.0,0.0,1.0
1.0,0.0,0.0,0.0,0.25,0.3333333333333333,0.3333333333333333,0.0,1.0,0.0,0.0,0.0,0.0,1.0,0.0
1.0,0.0,0.0,0.0,1.0,0.3333333333333333,0.3333333333333333,0.0,1.0,0.0,0.0,0.0,1.0,0.0,0.0
1.0,0.0,0.0,0.0,0.5,1.0,0.0,0.0,0.0,0.0,1.0,0.0,0.0,0.0,1.0
1.0,0.0,0.0,0.25,1.0,1.0,0.0,0.0,0.0,0.0,1.0,0.0,0.0,1.0,0.0
1.0,0.0,0.3333333333333333,0.25,0.5,0.3333333333333333,0.0,0.0,0.0,0.0,1.0,0.0,0.0,0.0,1.0
1.0,0.0,0.3333333333333333,0.0,0.75,0.3333333333333333,0.0,0.0,0.0,0.0,1.0,0.0,0.0,1.0,0.0
1.0,0.0,0.6666666666666666,0.0,0.5,0.3333333333333333,0.0,0.0,0.0,0.0,1.0,0.0,0.0,1.0,0.0
1.0,1.0,0.0,0.25,0.25,0.0,0.3333333333333333,0.0,0.0,1.0,0.0,0.0,0.0,1.0,0.0
1.0,1.0,0.6666666666666666,0.0,0.5,0.0,0.0,0.0,0.0,0.0,1.0,0.0,0.0,1.0,0.0
1.0,1.0,0.0,0.25,0.5,1.0,0.3333333333333333,0.0,0.0,1.0,0.0,0.0,0.0,1.0,0.0
0.0,1.0,0.6666666666666666,0.25,0.25,0.3333333333333333,0.0,0.0,1.0,0.0,0.0,0.0,0.0,1.0,0.0
1.0,1.0,0.6666666666666666,0.0,1.0,0.3333333333333333,0.0,0.0,0.0,0.0,1.0,0.0,0.0,1.0,0.0
1.0,0.0,0.0,1.0,1.0,0.0,0.0,0.0,0.0,0.0,1.0,0.0,0.0,1.0,0.0
0.0,0.0,0.3333333333333333,0.25,0.5,1.0,0.0,1.0,0.0,0.0,0.0,0.0,0.0,0.0,1.0
0.0,1.0,0.6666666666666666,0.25,0.5,0.0,0.0,0.0,0.0,0.0,0.0,1.0,0.0,1.0,0.0
1.0,0.0,0.0,0.5,0.5,0.0,0.0,0.0,0.0,0.0,1.0,0.0,0.0,1.0,0.0
0.0,0.0,0.3333333333333333,0.25,1.0,0.0,0.0,0.0,0.0,0.0,1.0,0.0,0.0,1.0,0.0
0.0,0.0,0.3333333333333333,0.5,0.0,0.0,0.0,0.0,0.0,0.0,1.0,0.0,0.0,1.0,0.0
0.0,0.0,0.3333333333333333,0.25,1.0,1.0,0.0,0.0,0.0,0.0,1.0,0.0,0.0,0.0,1.0
1.0,1.0,0.0,0.25,0.5,1.0,0.3333333333333333,0.0,1.0,0.0,0.0,0.0,0.0,1.0,0.0
1.0,0.0,0.0,0.75,0.75,1.0,0.0,0.0,0.0,1.0,0.0,0.0,0.0,1.0,0.0
0.0,1.0,0.3333333333333333,0.25,0.25,0.6666666666666667,0.0,0.0,0.0,0.0,1.0,0.0,0.0,0.0,1.0
1.0,0.0,0.6666666666666666,0.25,0.75,0.6666666666666667,0.0,0.0,0.0,0.0,1.0,0.0,0.0,0.0,1.0
0.0,0.0,0.3333333333333333,0.25,0.25,0.3333333333333333,0.0,1.0,0.0,0.0,0.0,0.0,0.0,1.0,0.0
0.0,0.0,0.3333333333333333,0.25,0.25,1.0,0.3333333333333333,1.0,0.0,0.0,0.0,0.0,0.0,1.0,0.0
1.0,1.0,0.3333333333333333,0.25,0.25,1.0,0.0,0.0,1.0,0.0,0.0,0.0,0.0,0.0,1.0
0.0,0.0,0.3333333333333333,0.25,0.75,1.0,0.6666666666666667,0.0,0.0,0.0,1.0,0.0,1.0,0.0,0.0
1.0,0.0,0.0,0.0,1.0,1.0,0.0,0.0,0.0,0.0,1.0,0.0,0.0,1.0,0.0
1.0,0.0,0.3333333333333333,0.25,0.5,1.0,0.3333333333333333,0.0,0.0,1.0,0.0,0.0,0.0,1.0,0.0
1.0,0.0,0.3333333333333333,0.25,0.25,1.0,0.0,0.0,0.0,0.0,1.0,0.0,0.0,1.0,0.0
0.0,1.0,0.6666666666666666,0.25,0.25,1.0,0.0,0.0,0.0,0.0,1.0,0.0,0.0,1.0,0.0
1.0,0.0,0.0,0.25,0.5,0.6666666666666667,0.3333333333333333,0.0,1.0,0.0,0.0,0.0,0.0,1.0,0.0
1.0,0.0,0.0,0.75,1.0,1.0,0.3333333333333333,0.0,1.0,0.0,0.0,0.0,0.0,1.0,0.0
1.0,1.0,0.3333333333333333,0.25,0.5,1.0,0.0,0.0,0.0,0.0,1.0,0.0,0.0,1.0,0.0
0.0,0.0,0.6666666666666666,0.5,0.25,1.0,0.3333333333333333,0.0,0.0,1.0,0.0,0.0,0.0,1.0,0.0
0.0,1.0,1.0,0.25,0.5,0.6666666666666667,0.0,0.0,0.0,0.0,1.0,0.0,0.0,1.0,0.0
1.0,0.0,0.6666666666666666,0.25,0.25,1.0,0.0,0.0,0.0,0.0,1.0,0.0,0.0,0.0,1.0
0.0,0.0,0.6666666666666666,0.25,0.5,1.0,0.0,0.0,0.0,0.0,1.0,0.0,1.0,0.0,0.0
1.0,0.0,0.0,0.0,0.5,0.3333333333333333,0.3333333333333333,0.0,1.0,0.0,0.0,0.0,0.0,1.0,0.0
1.0,0.0,0.0,0.0,0.25,0.3333333333333333,0.0,0.0,0.0,0.0,1.0,0.0,0.0,1.0,0.0
1.0,0.0,0.0,0.25,0.5,0.6666666666666667,0.0,0.0,0.0,0.0,1.0,0.0,0.0,1.0,0.0
1.0,0.0,0.0,0.0,0.75,1.0,0.0,0.0,0.0,0.0,1.0,0.0,0.0,1.0,0.0
1.0,0.0,0.0,0.25,0.75,0.3333333333333333,0.6666666666666667,0.0,1.0,0.0,0.0,0.0,0.0,1.0,0.0
1.0,1.0,0.3333333333333333,0.25,0.25,1.0,0.0,0.0,0.0,0.0,1.0,0.0,0.0,0.0,1.0
1.0,1.0,0.6666666666666666,0.75,0.25,0.0,0.3333333333333333,0.0,0.0,0.0,0.0,1.0,0.0,1.0,0.0
0.0,0.0,0.3333333333333333,0.75,0.25,1.0,0.0,1.0,0.0,0.0,0.0,0.0,1.0,0.0,0.0
1.0,0.0,0.0,0.0,0.0,1.0,0.0,0.0,0.0,0.0,1.0,0.0,0.0,1.0,0.0
0.0,0.0,0.0,0.25,0.25,1.0,0.0,0.0,0.0,0.0,1.0,0.0,0.0,1.0,0.0
0.0,0.0,0.0,0.5,1.0,0.3333333333333333,0.3333333333333333,0.0,0.0,0.0,1.0,0.0,0.0,1.0,0.0
1.0,0.0,0.6666666666666666,0.25,0.0,0.6666666666666667,0.6666666666666667,0.0,1.0,0.0,0.0,0.0,0.0,1.0,0.0
0.0,0.0,0.3333333333333333,0.25,0.75,0.3333333333333333,0.3333333333333333,0.0,0.0,1.0,0.0,0.0,0.0,1.0,0.0
0.0,1.0,0.6666666666666666,0.75,0.25,0.6666666666666667,0.0,0.0,0.0,0.0,1.0,0.0,0.0,0.0,1.0
0.0,1.0,0.0,0.25,0.0,1.0,0.3333333333333333,0.0,0.0,0.0,1.0,0.0,0.0,1.0,0.0
1.0,1.0,0.3333333333333333,0.25,0.5,1.0,0.0,0.0,0.0,0.0,1.0,0.0,0.0,1.0,0.0
1.0,1.0,0.3333333333333333,1.0,1.0,1.0,0.3333333333333333,0.0,1.0,0.0,0.0,0.0,0.0,0.0,1.0
1.0,0.0,1.0,0.0,1.0,1.0,0.3333333333333333,0.0,1.0,0.0,0.0,0.0,0.0,1.0,0.0
1.0,0.0,0.6666666666666666,0.25,1.0,0.3333333333333333,0.6666666666666667,0.0,1.0,0.0,0.0,0.0,0.0,1.0,0.0
0.0,0.0,0.3333333333333333,0.25,0.5,0.6666666666666667,0.0,0.0,0.0,0.0,1.0,0.0,0.0,1.0,0.0
1.0,0.0,0.6666666666666666,0.5,1.0,1.0,0.0,0.0,0.0,0.0,1.0,0.0,1.0,0.0,0.0
1.0,0.0,0.0,0.25,1.0,0.3333333333333333,0.3333333333333333,0.0,1.0,0.0,0.0,0.0,0.0,0.0,1.0
1.0,0.0,0.6666666666666666,0.25,0.5,0.0,0.3333333333333333,0.0,0.0,1.0,0.0,0.0,0.0,1.0,0.0
1.0,0.0,0.0,0.0,0.5,0.6666666666666667,0.0,0.0,0.0,0.0,1.0,0.0,0.0,1.0,0.0
0.0,0.0,0.0,0.75,1.0,0.6666666666666667,0.3333333333333333,0.0,0.0,0.0,1.0,0.0,0.0,1.0,0.0
1.0,0.0,0.6666666666666666,0.25,0.25,0.6666666666666667,0.0,0.0,0.0,0.0,1.0,0.0,0.0,1.0,0.0
1.0,1.0,0.6666666666666666,0.0,0.5,1.0,0.0,0.0,0.0,0.0,1.0,0.0,0.0,1.0,0.0
0.0,0.0,0.6666666666666666,0.75,0.5,1.0,0.3333333333333333,0.0,1.0,0.0,0.0,0.0,0.0,1.0,0.0
1.0,1.0,0.0,0.25,1.0,1.0,0.0,0.0,0.0,0.0,1.0,0.0,0.0,0.0,1.0
1.0,0.0,0.0,0.0,0.75,0.3333333333333333,0.0,0.0,0.0,0.0,1.0,0.0,0.0,0.0,1.0
1.0,0.0,0.3333333333333333,0.25,0.5,0.0,0.3333333333333333,0.0,1.0,0.0,0.0,0.0,0.0,1.0,0.0
1.0,0.0,0.6666666666666666,0.5,0.5,1.0,0.0,0.0,0.0,0.0,1.0,0.0,0.0,1.0,0.0
1.0,0.0,0.0,0.25,0.5,0.0,0.0,0.0,0.0,0.0,1.0,0.0,0.0,1.0,0.0
0.0,1.0,0.3333333333333333,0.25,0.0,0.0,0.3333333333333333,1.0,0.0,0.0,0.0,0.0,0.0,0.0,1.0
0.0,0.0,0.3333333333333333,0.25,1.0,1.0,0.0,0.0,0.0,0.0,1.0,0.0,0.0,0.0,1.0
1.0,1.0,0.0,0.25,0.5,1.0,0.0,0.0,1.0,0.0,0.0,0.0,0.0,1.0,0.0
1.0,1.0,1.0,0.75,0.5,0.6666666666666667,0.0,0.0,0.0,0.0,1.0,0.0,0.0,1.0,0.0
1.0,1.0,0.6666666666666666,0.25,0.5,0.3333333333333333,0.0,0.0,0.0,0.0,1.0,0.0,0.0,1.0,0.0
1.0,0.0,0.6666666666666666,0.0,1.0,1.0,0.3333333333333333,0.0,0.0,1.0,0.0,0.0,0.0,1.0,0.0
0.0,0.0,0.0,0.25,1.0,1.0,0.3333333333333333,0.0,0.0,1.0,0.0,0.0,0.0,1.0,0.0
0.0,0.0,0.6666666666666666,0.5,0.5,0.3333333333333333,0.0,1.0,0.0,0.0,0.0,0.0,0.0,0.0,1.0
0.0,0.0,0.6666666666666666,0.25,0.75,0.3333333333333333,0.0,0.0,1.0,0.0,0.0,0.0,0.0,1.0,0.0
0.0,0.0,0.0,0.25,0.0,0.6666666666666667,0.0,0.0,0.0,0.0,1.0,0.0,0.0,0.0,1.0
1.0,1.0,1.0,0.5,0.5,0.0,0.0,0.0,0.0,0.0,1.0,0.0,0.0,1.0,0.0
0.0,0.0,0.3333333333333333,0.25,0.5,0.3333333333333333,0.0,0.0,0.0,0.0,1.0,0.0,0.0,1.0,0.0
1.0,0.0,0.0,0.25,0.75,0.3333333333333333,0.3333333333333333,0.0,1.0,0.0,0.0,0.0,0.0,1.0,0.0
1.0,1.0,0.3333333333333333,0.25,0.5,1.0,0.3333333333333333,0.0,1.0,0.0,0.0,0.0,0.0,0.0,1.0
1.0,0.0,1.0,0.25,0.25,0.3333333333333333,0.3333333333333333,0.0,0.0,0.0,0.0,1.0,0.0,1.0,0.0
1.0,1.0,0.0,0.5,0.0,0.3333333333333333,0.0,0.0,0.0,0.0,1.0,0.0,0.0,1.0,0.0
1.0,0.0,0.3333333333333333,0.25,0.0,1.0,0.0,0.0,0.0,0.0,1.0,0.0,1.0,0.0,0.0
1.0,0.0,0.6666666666666666,0.25,1.0,1.0,0.3333333333333333,0.0,1.0,0.0,0.0,0.0,0.0,1.0,0.0
1.0,0.0,0.0,0.0,0.25,0.3333333333333333,0.3333333333333333,0.0,1.0,0.0,0.0,0.0,0.0,1.0,0.0
1.0,0.0,0.0,0.5,1.0,1.0,0.0,1.0,0.0,0.0,0.0,0.0,0.0,1.0,0.0
1.0,0.0,0.3333333333333333,0.0,0.75,0.3333333333333333,0.3333333333333333,0.0,0.0,0.0,1.0,0.0,0.0,0.0,1.0
1.0,0.0,0.3333333333333333,0.25,0.0,1.0,0.0,0.0,0.0,0.0,1.0,0.0,0.0,1.0,0.0
1.0,0.0,0.0,0.0,1.0,1.0,0.0,0.0,0.0,0.0,1.0,0.0,0.0,1.0,0.0
1.0,1.0,0.0,0.25,0.75,0.6666666666666667,0.0,0.0,0.0,0.0,1.0,0.0,0.0,1.0,0.0
1.0,0.0,0.3333333333333333,0.25,0.5,1.0,0.0,0.0,0.0,0.0,1.0,0.0,0.0,1.0,0.0
1.0,0.0,0.0,0.25,1.0,1.0,0.0,0.0,0.0,0.0,1.0,0.0,0.0,1.0,0.0
0.0,0.0,0.3333333333333333,0.25,0.5,1.0,0.0,0.0,0.0,0.0,1.0,0.0,1.0,0.0,0.0
1.0,0.0,0.6666666666666666,0.5,0.0,0.6666666666666667,0.0,0.0,1.0,0.0,0.0,0.0,0.0,1.0,0.0
